{
  "ProductName": "GE Mobile Enterprise Web",
  "LayerOrder": [
    {
      "LayerGroupName": "Smallworld",
      "Layers": [
        "Distribution Network",
        "Transmission Network"
      ]
    },
    "Google Traffic"
  ],
  "Layers": {
    "Google": [
      {
        "ExternalLayerName": "Google Streets",
        "Type": "roadmap"
      },
      {
        "ExternalLayerName": "Google Hybrid",
        "Type": "hybrid",
        "maxZoom": 20
      },
      {
        "ExternalLayerName": "Google Terrain",
        "Type": "terrain",
        "maxZoom": 15
      },
      {
        "ExternalLayerName": "Google Traffic",
        "OverlayType": "Traffic",
        "Type": "overlay",
        "Visible": false
      }
    ],
    "WMTS": [
      {
        "ExternalLayerName": "Distribution",
        "InternalLayerName": "Distribution",
        "MatrixSet": "EPSG-900913",
        "ZoomLevels": 21,
        "TileSize": 512,
        "Opacity": 0.7,
        "IsBaseLayer": false,
        "Visible": true,
        "URL": "/maps"
      },
      {
        "ExternalLayerName": "Transmission",
        "InternalLayerName": "Transmission",
        "MatrixSet": "EPSG-900913",
        "ZoomLevels": 21,
        "TileSize": 512,
        "Opacity": 0.7,
        "IsBaseLayer": false,
        "Visible": true,
        "URL": "/maps"
      }
	],
    "AdditionalWorlds": [
     {
       "WorldDescription": "",
	   "maxResolution": 16777215.9921875,
	   "minResolution": 15.999,	   
       "ZoomLevels": 21,
       "TileSize": 256
     }
    ]
  },
  "AddressSearch": "Google",
  "MapOptions": {
    "CentreLat": 52.2157136,
    "CentreLong": -0.0674189,
    "DefaultZoom": 15,
    "ZoomLevels": 21,
    "MaxExtent": [-20037508.3400, -20037508.3400, 20037508.3400, 20037508.3400],
    "MaxResolution": 78271.5169640,
    "MapProjectionName": "EPSG:3857",
    "MapProjectionDefinition": "+proj=merc +a=6378137 +b=6378137 +lat_ts=0.0 +lon_0=0.0 +x_0=0.0 +y_0=0 +k=1.0 +units=m +nadgrids=@null +wktext +no_defs"
  },
  "StreetView":{
    "Enabled": true
  },
  "Google": {
    "googleClientID": "",
    "googleChannelID": ""
  },
  "SideBarControls": [
    {
      "target": "find",
      "fontAwesome": true,
      "icon": "ico_search_lg",
      "span": 4
    },
    {
      "target": "object_details",
      "icon": "smallworld_cube_sm",
      "span": 4
    },
    {
      "target": "trace",
      "icon": "icon-trace",
      "span": 4
    },
    {
      "target": "sketching",
      "icon": "icon-sketch",
      "span": 3
    },
    {
      "target": "plotting",
      "icon": "icon-print",
      "span": 3
    },
    {
      "target": "download",
      "fontAwesome": true,
      "icon": "ico_download_lg",
      "span": 3
    }
  ],
  "ObjectDetails": {
    "layout": [
      {
        "name": "object_info"
      },
      {
	    "name": "spatial_contexts"
      },
      {
        "name": "internals"
      }
    ],
	"visible_spatial_contexts" :["gis", "geographic"],
	"return_info" : "all_joined_objects"
  },
  "export": {
    "xlsx": {
      "availableTo": [
        {
          "component": "find",
          "type": "all"
        },
        {
          "component": "trace",
          "type": [
            "trace_downstream"
          ]
        }
      ],
      "pubEvent": "exportRecordsXLSX"
    },
    "csv": {
      "availableTo": [
        {
          "component": "all"
        }
      ],
      "pubEvent": "exportRecordsCSV"
    }
  },
  "sketching": {
    "line_strokes": [
      "solid",
      "dash"
    ],
    "area_strokes": [
      "solid",
      "empty"
    ],
    "colours": {
      "red": "rgba(238, 51, 36, 0.75)",
      "green": "rgba(118, 185, 0, 0.75)",
      "blue": "rgba(8, 165, 225, 0.75)",
      "black": "rgba(0, 0, 0, 0.75)"
    }
  },
  "AttributeHandlers" : {
    "Related Document.Full File Name": "makeFileLink"
  },  
  "plotting":{
    "hasViewPort":[
      "map_view_centre_geometry_source"
    ],
    "hasNotViewPort":[
      "sw_layout_series_service_geometry_source",
      "map_view_bounds_geometry_source"
    ]
  },
  "style": {
    "tracing": {
      "strokeWidth": 5,
      "strokeColor": "rgba(255, 153, 0, 0.75)"
    },
    "highlighter": {
      "strokeWidth": 10,
      "strokeColor": "rgba(255, 105, 180, 0.75)",
      "fillColor": "rgba(255, 105, 180, 0.75)",
      "pointRadius": 2.5
    }
  },
  "distanceUnits": "m",
  "assetSearchSpatialBoost": "10",
  "tags": {
    "objectDetails": "object_details_tag",
    "internals": "internals_tag",
    "results": "results_tag"
  },
  "settings": {
    "trace_types": [
      "trace_downstream",
      "shortest_path",
      "trace_out"
    ],
    "layout_types": [
      "circuits_1_500",
      "circuits_1_1000",
      "internal_substation",
      "map_grids",
      "map_view",
      "originating_substation"
    ],
    "search_config": [
      "asset_id_query",
      "circuit_query",
      "design_query",
      "isolating_equipment_query",
      "power_xfrm_query",
      "protective_eqpt_query",
      "sub_substation_query"
    ]
  },
  "internalWorldFilterAlias": "standard",
  "searchTag": "eo_nv",
  "maxKineticTime": 600,
  "minKineticDeceleration": 0.006,  
  "pixelHitRadius": 5,
  "touchPixelHitRadius": 8,
  "mapCurrentLocationEnabled": false,
  "mapCurrentLocationZoomLevel": 18,
  "availableProjectionTypes" : [
    {
      "name": "EPSG:27700",
      "display": "British National Grid",
      "definition": "+proj=tmerc +lat_0=49 +lon_0=-2 +k=0.9996012717 +x_0=400000 +y_0=-100000 +ellps=airy +towgs84=446.448,-125.157,542.06,0.15,0.247,0.842,-20.489 +units=m +no_defs"
    },
    {
      "name": "EPSG:29903",
      "display": "Irish Grid",
      "definition": "+proj=tmerc +lat_0=53.5 +lon_0=-8 +k=1.000035 +x_0=200000 +y_0=250000 +ellps=mod_airy +towgs84=482.5,-130.6,564.6,-1.042,-0.214,-0.631,8.15 +units=m +no_defs"
    }
  ],
  "locateDefaultZoom": 15
}
