{
  "ProductName": "GE Mobile Enterprise Web",
  "LayerOrder": [
    {
      "LayerGroupName": "Smallworld",
      "Layers": [
        "Distribution Network",
        "Transmission Network"
      ]
    },
    "Google Traffic"
  ],
  "Layers": {
    "Google": [
      {
        "ExternalLayerName": "Google Streets",
        "Type": "roadmap"
      },
      {
        "ExternalLayerName": "Google Hybrid",
        "Type": "hybrid",
        "maxZoom": 20
      },
      {
        "ExternalLayerName": "Google Terrain",
        "Type": "terrain",
        "maxZoom": 15
      },
      {
        "ExternalLayerName": "Google Traffic",
        "OverlayType": "Traffic",
        "Type": "overlay",
        "Visible": false
      }
    ],
    "WMTS": [
      {
        "ExternalLayerName": "Distribution Network",
        "InternalLayerName": "Distribution",
        "MatrixSet": "EPSG-900913",
        "ZoomLevels": 21,
        "TileSize": 512,
        "Opacity": 0.7,
        "IsBaseLayer": false,
        "Visible": true,
        "URL": "/maps"
      },
      {
        "ExternalLayerName": "Transmission Network",
        "InternalLayerName": "Transmission",
        "MatrixSet": "EPSG-900913",
        "ZoomLevels": 21,
        "TileSize": 512,
        "Opacity": 0.7,
        "IsBaseLayer": false,
        "Visible": true,
        "URL": "/maps"
      }
    ]
  },
  "AddressSearch": "Google",
  "MapOptions": {
    "CentreLat": 52.2157136,
    "CentreLong": -0.0674189,
    "DefaultZoom": 15,
    "ZoomLevels": 21,
    "MaxExtent": [-20037508.3400, -20037508.3400, 20037508.3400, 20037508.3400],
    "MaxResolution": 78271.5169640,
    "MapProjectionName": "EPSG:3857",
    "MapProjectionDefinition": "+proj=merc +a=6378137 +b=6378137 +lat_ts=0.0 +lon_0=0.0 +x_0=0.0 +y_0=0 +k=1.0 +units=m +nadgrids=@null +wktext +units=m +no_defs"
  },
  "StreetView":{
    "Enabled": true
  },    
  "Google": {
    "googleClientID": "",
    "googleChannelID": ""
  },
  "assetSearchSpatialBoost": "10",
  "searchTag": "eo_nv",
  "maxKineticTime": 600,
  "minKineticDeceleration": 0.006,  
  "pixelHitRadius": 5,
  "touchPixelHitRadius": 8
}
