{
  "ProductName": "GTO Network Viewer",
  "LayerOrder": [
    {
      "LayerGroupName": "Smallworld",
      "Layers": [
        "GTO"
      ]
    },
    "Google Traffic"
	
  ],
  "Layers": {
    "Google": [
      {
        "ExternalLayerName": "Google Streets",
        "Type": "roadmap"
      },
      {
        "ExternalLayerName": "Google Hybrid",
        "Type": "hybrid",
        "maxZoom": 20
      },
      {
        "ExternalLayerName": "Google Terrain",
        "Type": "terrain",
        "maxZoom": 15
      },
      {
        "ExternalLayerName": "Google Traffic",
        "OverlayType": "Traffic",
        "Type": "overlay",
        "Visible": false
      }
    ],
    "WMTS": [
      {
        "ExternalLayerName": "GTO",
        "InternalLayerName": "pipe_segments_layer",
        "MatrixSet": "EPSG-3857",
        "ZoomLevels": 21,
        "TileSize": 512,
        "Opacity": 0.7,
        "IsBaseLayer": false,
        "Visible": true,
        "URL": "/maps"
      }
    ],
    "AdditionalWorlds": [
     {
		"WorldDescription": "",
		"SpatialContextName": "internals",
		"InternalLayerName": "internals",
		"ProjectionName": "EPSG:3857",
		"Units": "m",
		"ZoomLevels": 21,
		"MaxExtent": [-2147483647.0, -2147483647.0, 2147483647.0, 2147483647.0],
		"TileSize": 256
     },
     {
		"WorldDescription": "",
		"SpatialContextName": "nw_schema",
		"InternalLayerName": "layer_nw_schema",
		"ProjectionName": "EPSG:3857",
		"Units": "m",
		"ZoomLevels": 21,
		"MaxExtent": [-2147483647.0, -2147483647.0, 2147483647.0, 2147483647.0],
		"TileSize": 256
     },
     {
		"WorldDescription": "",
		"SpatialContextName": "cp_schema",
		"InternalLayerName": "layer_cp_schema",
		"ProjectionName": "EPSG:3857",
		"Units": "m",
		"ZoomLevels": 21,
		"MaxExtent": [-2147483647.0, -2147483647.0, 2147483647.0, 2147483647.0],
		"TileSize": 256
     }
    ]
  },
  "AddressSearch": "Google",
  "MapOptions": {
    "CentreLat": 49.252151,
    "CentreLong": -122.815940,
    "DefaultZoom": 18,
    "ZoomLevels": 21,
    "MaxExtent": [-20037508.3400, -20037508.3400, 20037508.3400, 20037508.3400],
    "MaxResolution": 78271.5169640,
    "MapProjectionName": "EPSG:3857",
    "MapProjectionDefinition": "+proj=merc +a=6378137 +b=6378137 +lat_ts=0.0 +lon_0=0.0 +x_0=0.0 +y_0=0 +k=1.0 +units=m +nadgrids=@null +wktext +no_defs"
  },
  "StreetView":{
    "Enabled": true
  },
  "Google": {
    "googleClientID": "",
    "googleChannelID": ""
  },
  "SideBarControls": [
    {
      "target": "find",
      "fontAwesome": true,
      "icon": "ico_search_lg",
      "span": 4
    },
    {
      "target": "object_details",
      "icon": "smallworld_cube_sm",
      "span": 4
    },
    {
      "target": "trace",
      "icon": "icon-trace",
      "span": 4
    },
    {
      "target": "sketching",
      "icon": "icon-sketch",
      "span": 3
    },
    {
      "target": "plotting",
      "icon": "icon-print",
      "span": 3
    },
    {
      "target": "download",
      "fontAwesome": true,
      "icon": "ico_download_lg",
      "span": 3
    }
  ],
  "ObjectDetails": {
    "layout": [
      {
        "name": "object_info"
      },
      {
        "name": "spatial_contexts"
      },
      {
        "name": "internals"
      }
    ],
    "visible_spatial_contexts" :["geographic", "internals", "cp_schema", "nw_schema"],
    "return_info" : "all_joined_objects"
  },
  "export": {
    "xlsx": {
      "availableTo": [
        {
          "component": "find",
          "type": "all"
        },
        {
          "component": "trace",
          "type": "all"
        }
      ],
      "pubEvent": "exportRecordsXLSX"
    },
    "csv": {
      "availableTo": [
        {
          "component": "all"
        }
      ],
      "pubEvent": "exportRecordsCSV"
    }
  },
  "sketching": {
    "line_strokes": [
      "solid",
      "dash"
    ],
    "area_strokes": [
      "solid",
      "empty"
    ],
    "colours": {
      "red": "rgba(238, 51, 36, 0.75)",
      "green": "rgba(118, 185, 0, 0.75)",
      "blue": "rgba(8, 165, 225, 0.75)",
      "black": "rgba(0, 0, 0, 0.75)"
    }
  },
  "AttributeHandlers" : {
    "Related Document.Full File Name": "makeFileLink"
  },
  "plotting":{
    "hasViewPort":[
      "map_view_centre_geometry_source"
    ],
    "hasNotViewPort":[
      "sw_layout_series_service_geometry_source",
      "map_view_bounds_geometry_source"
    ]
  },
  "style": {
    "tracing": {
      "strokeWidth": 5,
      "strokeColor": "rgba(255, 153, 0, 0.75)"
    },
    "highlighter": {
      "strokeWidth": 10,
      "strokeColor": "rgba(255, 105, 180, 0.75)",
      "fillColor": "rgba(255, 105, 180, 0.75)",
      "pointRadius": 2.5
    }
  },
  "distanceUnits": "m",
  "assetSearchSpatialBoost": "10",
  "tags": {
    "objectDetails": "object_details_tag",
    "internals": "internals_tag",
    "results": "results_tag"
  },
  "settings": {
    "trace_types": [
      "all"
    ],
    "layout_types": [
      "all"
    ],
    "search_config": [
      "all"
    ]
  },
  "internalWorldFilterAlias": "standard",
  "searchTag": "gto_nv",
  "maxKineticTime": 600,
  "minKineticDeceleration": 0.006,
  "pixelHitRadius": 5,
  "touchPixelHitRadius": 8,
  "mapCurrentLocationEnabled": false,
  "mapCurrentLocationZoomLevel": 18
}
