{
  "Layers": {
    "Google": [
      {
        "ExternalLayerName": "Google Streets",
        "Type": "roadmap",
        "maxZoom": 22
      }
    ],
    "WMTS": [
      {
        "ExternalLayerName" : "Network Elements WMTS",
        "InternalLayerName" : "Network",
        "MatrixSet" : "EPSG-900913",
        "ZoomLevels" : 21,
        "TileSize" : 512,
        "Opacity" : 0.7,
        "IsBaseLayer" : false,
        "Visible": true,
        "URL": "/maps"
      },
      {
        "ExternalLayerName" : "Network Support WMTS",
        "InternalLayerName" : "Support",
        "MatrixSet" : "EPSG-900913",
        "ZoomLevels" : 21,
        "TileSize" : 512,
        "Opacity" : 0.7,
        "IsBaseLayer" : false,
        "Visible": true,
        "URL": "/maps"
      }
    ]
  },
  "AddressSearch": "OSM",
  "OSM" : {
    "AddressURL"   : "http://nominatim.openstreetmap.org/search",
    "ReverseGeoUrl": "http://nominatim.openstreetmap.org/reverse"
  },
  "MapOptions": {
    "CentreLat"   : 52.217561,
    "CentreLong"  :  0.134586,
    "DefaultZoom" : 17,
    "ZoomLevels"  : 21,
    "MaxExtent": [-20037508.3400, -20037508.3400, 20037508.3400, 20037508.3400],
    "MaxResolution": 78271.5169640,
    "MapProjectionName": "EPSG:3857",
    "MapProjectionDefinition": "+proj=merc +a=6378137 +b=6378137 +lat_ts=0.0 +lon_0=0.0 +x_0=0.0 +y_0=0 +k=1.0 +units=m +nadgrids=@null +wktext +no_defs"
  },
  "StreetView":{
    "Enabled": false
  },
  "Google": {
    "googleClientID": "",
    "googleChannelID": ""
  },
  "SideBarControls": [
    {
      "target": "emaps",
      "icon": "ico_externallink_sm",
      "fontAwesome": true,
      "span": 3
    },
    {
      "target": "locationSearch",
      "icon": "ico_mapmarker_sm",
      "fontAwesome": true,
      "span": 3
    }
  ],
  "emapsOptions":
  {
    "usernameIsEmail": true,
    "availableLayoutTypes": [
      { "internalName": "for_emaps", "externalName": "For Emaps" }
    ]
  },
  "plotting":{
    "hasViewPort":[
      "map_view_centre_geometry_source"
    ],
    "hasNotViewPort":[
      "sw_layout_series_service_geometry_source",
      "map_view_bounds_geometry_source"
    ]
  },
  "mapName" : "main_map",
  "mapCurrentLocationEnabled": false,
  "ProductName": "eMaps",
  "availableProjectionTypes" : [
    {
      "name": "EPSG:27700",
      "display": "British National Grid",
      "definition": "+proj=tmerc +lat_0=49 +lon_0=-2 +k=0.9996012717 +x_0=400000 +y_0=-100000 +ellps=airy +towgs84=446.448,-125.157,542.06,0.15,0.247,0.842,-20.489 +units=m +no_defs"
    },
    {
      "name": "EPSG:29903",
      "display": "Irish Grid",
      "definition": "+proj=tmerc +lat_0=53.5 +lon_0=-8 +k=1.000035 +x_0=200000 +y_0=250000 +ellps=mod_airy +towgs84=482.5,-130.6,564.6,-1.042,-0.214,-0.631,8.15 +units=m +no_defs"
    }
  ],
  "locateDefaultZoom": 15,
  "dateFormat": "iso"
}
