<?xml version="1.0" encoding="UTF-8"?>
<!-- Configuration of the GeoSpatial Server test application on CAMDB -->
<!-- This application includes only GSS http services and only http plugin -->
<config base="gss_basic_vertx_application.gss_basic_vertx_config">
	<framework_data>

		<!-- Enable authorisation using datastore referenced by path. You can refer to SW_AUTH_DB_DIR using ${SW_AUTH_DB_DIR} -->
		<property name="authorisation?" value="true"/>
		<property name="auth_view_path" value="${SW_ACE_DB_DIR}"/>

		<!-- spatial contexts for object_info spatial_context test -->
		<spatial_context name="gis" ace_name="Electricity" universe_name="gis" />
		<spatial_context name="internals" ace_name="Substation Internals" universe_name="internals"/>
		<spatial_context name="drawing" ace_name="drawing" universe_name="drawing"/>
		<spatial_context name="geographic" ace_name="Default" universe_name="gis"/>

		<service_providers>
			<provider class_name="wfs_110_service_provider">
				<data>
					<crs_mapping alias="CRS:84" value="EPSG:4326"/>
					<capabilities_template filename="WFSCapabilities_1_1_0_template.xml" dirname=""/>
					<suppress_sw_crs_names value="false"/>
					<default_max_features value="10000"/>
					<url_base value="/wfs?"/>
				</data>
			</provider>
			<provider class_name="wms_130_service_provider">
				<data>
					<default_layer_name value="Smallworld"/>
					<capabilities_template filename="WMSCapabilities_1_3_0_template.xml"/>
					<crs_switch_axes values="EPSG:4326,EPSG:31466,EPSG:4258"/>
					<crs_mapping alias="CRS:84" value="EPSG:4326"/>
					<featureinfo_formats_to_exclude values="application/json"/>
					<wgs84_bounds value="-180,-90,180,90"/>
					<url_base value="/wms?"/>
				</data>
			</provider>
			<provider class_name="wms_111_service_provider">
				<data>
					<default_layer_name value="Smallworld"/>
					<capabilities_template filename="WMT_MS_Capabilities_1_1_1_template.xml"/>
					<crs_switch_axes values="EPSG:4326,EPSG:31466,EPSG:4258"/>
					<crs_mapping alias="CRS:84" value="EPSG:4326"/>
					<url_base value="/wms?"/>
				</data>
			</provider>
			<provider class_name="wms_100_service_provider">
				<data>
					<default_layer_name value="Smallworld"/>
					<crs_switch_axes values="EPSG:4326,EPSG:31466,EPSG:4258"/>
					<crs_mapping alias="CRS:84" value="EPSG:4326"/>
					<capabilities_template filename="WMT_MS_Capabilities_1_0_0_template.xml" dirname=""/>
					<style_groups_to_exclude values="Outline_1, Outline_2"/>
					<featureinfo_formats_to_exclude values="application/json"/>
					<layers_to_exclude values=""/>
					<layers_to_set_non_queryable values=""/>
					<map_formats_to_exclude values=""/>
					<url_base value="/wms?"/>
				</data>
			</provider>
			<provider class_name="wcs_100_service_provider">
				<data>
					<crs_mapping alias="CRS:84" value="EPSG:4326"/>
					<capabilities_template filename="WCSCapabilities_1_0_0_template.xml"/>
					<url_base value="/wcs?"/>
				</data>
			</provider>
			<provider class_name="inspire_view_service_provider">
				<data>

					<featureinfo_formats_to_exclude values="application/json"/>
					<url_base value="/gssinspire/inspire?"/>

					<default_layer_name value="Smallworld"/>
					<crs_list_to_exclude value=""/>

					<default_style_group_name value="Default"/>
					<crs_switch_axes values="EPSG:4326,EPSG:31466,EPSG:4258"/>
					<crs_mapping alias="CRS:84" value="EPSG:4326"/>
					<wgs84_bounds value="-180,-90,180,90"/>
					<database_metadata value="Cambridge_database_metadata.xml"/>
					<view_service_metadata value="Cambridge_view_service_metadata.xml"/>
					<layer_name smallworld_theme="Smallworld" inspire_layer="TN.RoadTransportNetwork"/>
					<layer_name smallworld_theme="Cables Only" inspire_layer="TN.CableTransportNetwork.CablewayLink"/>
					<layer_name smallworld_theme="Rest Theme" inspire_layer="RestTheme"/>
					<layer_name smallworld_theme="Roads Only" inspire_layer="TN.RoadTransportNetwork.RoadLink" language="eng" title="Transport networks : Road Link"/>
					<layer_name smallworld_theme="Roads Only" inspire_layer="TN.RoadTransportNetwork.RoadLink" language="fre" title="Réseaux de transport : Route"/>
					<layer_name smallworld_theme="Train's" inspire_layer="TN.RailTransportNetwork.RailwayLink"/>
					<style_name smallworld_style="Default" inspire_style="inspire_common:DEFAULT"/>
					<style_name smallworld_style="Outline_1" inspire_style="inspire_common:OUTLINE_1"/>
					<style_name smallworld_style="Outline_2" inspire_style="inspire_common:OUTLINE_2"/>
					<style_name smallworld_style="Plotting" inspire_style="inspire_common:PLOTTING"/>
					<style_name smallworld_style="Simple" inspire_style="inspire_common:SIMPLE"/>
					<default_language value= "eng"/>
					<capabilities_template_file language_code="eng" template_file="ViewServiceCapabilities_template_eng.xml"/>
					<capabilities_template_file language_code="fre" template_file="ViewServiceCapabilities_template_fre.xml"/>
				</data>
			</provider>
		</service_providers>

		<!-- Uncomment to replace user_conditions
    <user_conditions>
    </user_conditions>
    -->
	</framework_data>

	<plugins>
		<plugin name="http" class_name="http_service_request_handler_plugin">
			<property name="port_number" value="7771"/>
			<property name="http_server" value="http_service_request_handler"/>
			<property name="load_balancer_url" value="${BIFROST_URL}"/>
			<property name="resources_root_dir" value="${EIS_RESOURCES_PATH}"/>
			<paths>
				<path string="admin" param="method">
					<service string="fileSweep" provider="file_sweep_service_provider.file_sweep"/>
				</path>
				<path string="agent" param="method">
					<service string="status" provider="agent_admin_service_provider.status"/>
					<service string="stop" provider="agent_admin_service_provider.stop"/>
				</path>
				<path string="gss" param="method">
					<service string="describe" provider="description_service_provider.describe"/>
					<service string="listServices" provider="description_service_provider.listservices"/>
					<service string="describeService" provider="description_service_provider.describeservice"/>
					<service string="describeMethod" provider="description_service_provider.describemethod"/>
					<service string="spatialContexts" provider="object_info_service.spatial_contexts"/>
					<service string="info" provider="object_info_service.info"/>
					<service string="joinedObjects" provider="object_info_service.joined_objects"/>
					<service string="joinedObjectInfo" provider="object_info_service.joined_object_info"/>
					<service string="joinedObjectCounts" provider="object_info_service.joined_object_counts"/>
					<service string="associatedDocuments" provider="object_info_service.associated_documents"/>
					<service string="taskInfo" provider="tasks_service_provider.task_info"/>
					<service string="submitGeojsonSketchTask" provider="tasks_service_provider.submit_geojson_sketch_task"/>
					<service string="getStyles" provider="redline_info_service_provider.get_styles"/>
					<service string="units" provider="units_service.units" />
					<service string="convert_units" provider="units_service.convert_units" />
					<service string="coordinateSystems" provider="coordinate_systems_provider.coordinate_systems" />
					<service string="transform" provider="coordinate_systems_provider.transform" />
					<service string="map" provider="map_service_provider.map"/>
					<service string="wmsMap" provider="map_service_provider.wms_map"/>
					<service string="getMapAsURL" provider="wms_130_service_provider.get_map_as_url"/>
					<service string="query" provider="query_service.query"/>
					<service string="browser" provider="query_service.browser"/>
					<service string="urn_query" provider="query_service.urn_query"/>
					<service string="filter_query" provider="query_service.filter_query"/>
					<service string="getCoverage" provider="coverage_service_provider.get_coverage"/>
					<service string="getDescriptions" provider="coverage_service_provider.get_descriptions"/>
					<service string="schema" provider="application_schema_service_provider.schema"/>
					<service string="manifolds" provider="application_schema_service_provider.manifolds"/>
					<service string="catalogueFields" provider="application_schema_service_provider.catalogue_fields"/>
					<service string="catalogueEntries" provider="application_schema_service_provider.catalogue_entries"/>
					<service string="gotoBounds" provider="map_service_provider.goto_bounds"/>
					<service string="gotoSpatialContext" provider="map_service_provider.goto_spatial_context"/>
					<service string="featureMap" provider="map_service_provider.feature_map"/>
					<service string="gotoObjects" provider="map_service_provider.goto_objects"/>
					<service string="selectObjects" provider="map_service_provider.select_objects"/>
					<service string="areaSelect" provider="map_service_provider.area_selection"/>
					<service string="traceOut" provider="network_trace_service.trace_out"/>
					<service string="shortestPath" provider="network_trace_service.shortest_path"/>
					<service string="proximityTrace" provider="network_trace_service.proximity_trace"/>
				</path>
				<path string="maps" param="request">
					<service string="GetTile" provider="map_service_provider.render_tile"/>
					<service string="GetFeatureInfo" provider="map_service_provider.wmts_selection"/>
					<service string="layers" provider="map_layers_service.get_layers"/>
				</path>
				<path string="wms" param="request">
					<service string="GetCapabilities" provider="wms_capabilities_service_provider.get_capabilities"/>
					<service string="capabilities" provider="wms_capabilities_service_provider.capabilities"/>
					<path string="Map" param="wmtver">
						<service string="1.0.0" provider="wms_100_service_provider.get_map"/>
					</path>
					<path string="GetMap" param="version">
						<service string="1.1.1" provider="wms_111_service_provider.get_map"/>
						<service string="1.3.0" provider="wms_130_service_provider.get_map"/>
					</path>
					<path string="GetFeatureInfo" param="version">
						<service string="1.3.0" provider="wms_130_service_provider.get_feature_info"/>
					</path>
				</path>
				<path string="wfs" param="request">
					<service string="GetCapabilities" provider="wfs_110_service_provider.get_capabilities"/>
					<path string="DescribeFeatureType" param="version">,
						<service string="1.1.0" provider="wfs_110_service_provider.describe_feature_type"/>
					</path>
					<path string="GetFeature" param="version">,
						<service string="1.1.0" provider="wfs_110_service_provider.get_feature"/>
					</path>
				</path>
				<path string="wcs" param="request">
					<service string="GetCapabilities" provider="wcs_100_service_provider.get_capabilities"/>
					<path string="DescribeCoverage" param="version">
						<service string="1.0.0" provider="wcs_100_service_provider.describe_coverage"/>
					</path>
					<path string="GetCoverage" param="version">
						<service string="1.0.0" provider="wcs_100_service_provider.get_coverage"/>
					</path>
				</path>
				<path string="inspire" param="version">
					<path string="1.3.0" param="request">
						<service string="GetMap" provider="inspire_view_service_provider.get_map"/>
						<service string="GetCapabilities" provider="inspire_view_service_provider.get_capabilities"/>
					</path>
				</path>

				<path string="rollforward" param="method">
					<service string="map_tiles_to_invalidate" provider="rollforward_service_provider.map_tiles_to_invalidate" timeout="300"/>
				</path>
				<path string="gss/web/services/EchoDataTypesService">
					<service string="echoInt" provider="echo_data_types_service.echoInt"/>
					<service string="echoString" provider="echo_data_types_service.echoString"/>
					<service string="echoBoolean" provider="echo_data_types_service.echoBoolean"/>
					<service string="echoCalendar" provider="echo_data_types_service.echoCalendar"/>
					<service string="echoStringArray" provider="echo_data_types_service.echoStringArray"/>
					<service string="echoDouble" provider="echo_data_types_service.echoDouble"/>
					<service string="echoCoordinate" provider="echo_data_types_service.echoCoordinate"/>
					<service string="echoComplexSequence" provider="echo_data_types_service.echoComplexSequence"/>
					<service string="echoComplexSimpleElementAndAttribute" provider="echo_data_types_service.echoComplexSimpleElementAndAttribute"/>
					<service string="echoComplexSimpleElementExtension" provider="echo_data_types_service.echoComplexSimpleElementExtension"/>
					<service string="echoComplexList" provider="echo_data_types_service.echoComplexList"/>
				</path>
				<path string="gss/web/services/AnyTypeXmlStreamExample">
					<service string="requestRealWorldObj" provider="any_type_xml_stream_example.requestRealWorldObj"/>
				</path>
				<path string="gss/web/services/LocaleGreetingsSoap11Endpoint">
					<service string="localeGreeting" provider="locale_greetings_service.localeGreeting"/>
				</path>
				<path string="gss/restEcho">
					<service string="echo_string" provider="rest_echo_data_types_service.echo_string"/>
				</path>
				<path string="gss/web/services/updateObject">
					<service string="updateObject" provider="simple_modify_object_service.update_object"/>
					<service string="accessRight" provider="simple_modify_object_service.access_right"/>
				</path>
				<path string="example">
					<service string="firstLine" method="patch,post,put" provider="handle_body_service.first_line"/>
					<service string="extract" method="patch,post,put" provider="handle_body_service.json_extractor"/>
					<service string="hex" method="patch,post,put" provider="handle_body_service.body_as_hex"/>
					<service string="upload" method="patch,post,put" provider="handle_body_service.upload_files"/>
				</path>
				<path string="rest">
				    <service string="hotels/name" method="get" provider="simple_rest_service.get_hotel_names"/>
				    <service string="hotels" method="get" provider="simple_rest_service.get_hotels"/>
				    <service string="hotels/{name}" method="get" provider="simple_rest_service.get_hotel"/>
				    <service string="hotels/{name}" method="post" provider="simple_rest_service.insert_hotel"/>
				    <service string="hotels/{name}" method="put,patch" provider="simple_rest_service.update_hotel"/>
				    <service string="hotels/{name}" method="delete" provider="simple_rest_service.delete_hotel"/>
				</path>			
			</paths>
			<!-- Example static resource directories 
				directories consist of a mapping from an id to a physical directory on disk.
			  files within these directories may be refered to using URLs returned by
				http_service_request_handler_plugin.resource_url_for( file_path, _optional parameters )
				The id will form part of the generated URL e.g. host:port/resources/static/<id>/filename
				note that multiple directories may be mapped to the same id.
				static resources are typically stored on a shared directory shared by all EIS sessions
			-->
			<directories>
				<dir id="static_files" root="\\server\static_resources"/>
			</directories>
		</plugin>

		<plugin name="request_processor" class_name="service_provider_session_manager">
			<!-- default output coordinate system -->
			<property name="default_projection" value="uk_british_national_grid"/>
			<property name="default_unit" value="mm"/> 
			<property name="coordinate_system_dataset" value="gis"/>
			<!-- Example of a default database spec. If a database_pool is configured, then -->
			<!-- it will be initialised with these datasets. -->
			<!-- If not specified, the datasets in the SOC at top will be used. -->
			<!-- Note that the datasets in the default spec are always in readonly mode. -->
			<default_db_spec type="default">
				<dataset name="gis" alternative="|" mode="readonly" has_rollforward_checkpoint="false"/>
				<dataset name="electricity" alternative="|" mode="readonly" has_rollforward_checkpoint="false"/>
				<dataset name="mapbase" alternative="|" mode="readonly" has_rollforward_checkpoint="false"/>
			</default_db_spec>
		</plugin>

		<plugin name="outbound_http" class_name="http_outbound_plugin">
			<property name="load_balancer_url" value="${BIFROST_URL}"/>
			<property name="timeout" value="120"/>
			<property name="authorisation_name" value="Bearer "/>
			<external_endpoints>
				<endpoint name="outbound_echo" service_description_module_name= "service_consumer_examples" service_description_file_name="echo_data_types_service" timeout="50.0"/>
				<endpoint name="outbound_echo_soap12" service_description_module_name= "service_consumer_examples" service_description_file_name="echo_data_types_service" timeout="50.0"/>
				<endpoint name="outbound_echo_rest" service_description_module_name= "gss_example_services" service_description_file_name="rest_echo_data_types_service" timeout="50.0"/>
			</external_endpoints>
		</plugin>

		<!-- Roles section which will grant user with roles access to specified authorization groups -->
		<plugin name="auth_mapping" class_name="auth_mapping_plugin">
			<security_roles>
				<security_role name="gss.user">
					<group name="Default Users"/>
					<group name="Default Activities"/>
				</security_role>
				<security_role name="gss.guest" base="gss.user">
					<group name="Electricity Users"/>
				</security_role>
				<security_role name="gss.limited_user">
					<group name="Road Viewers"/>
					<group name="Food Critics"/>
				</security_role>
				<security_role name="gss.admin">
					<group name="system_admin"/>
				</security_role>
			</security_roles>
		</plugin>

		<plugin name="map_options_provider" class_name="map_options_plugin">
			<property name="bookmark_ace_name" value="Electricity"/>
			<property name="bookmark_data_name" value="bookmarks.xml"/>
			<property name="bookmarks_application_name" value="cam_db_swaf_professional"/>
			<property name="bookmarks_group_name" value=""/>
			<property name="preferences_application_name" value="cam_db_swaf_professional"/>
			<property name="use_legacy_bookmarks?" value="true"/>
		</plugin>
	</plugins>
</config>
