<?xml version="1.0" encoding="UTF-8" ?> 
<search_config>
  <query name="hub_query" class="fields_find_component">
    <collection name="mit_hub" /> 
    <field name="name" /> 
    <field name="type" /> 
  </query>
  <query name="building_query" class="fields_find_component">
    <collection name="building" /> 
    <field name="name" /> 
    <field name="type" /> 
  </query>
  <query name="terminal_enclosure_query" class="fields_find_component">
    <collection name="mit_terminal_enclosure" /> 
    <field name="name" /> 
    <field name="spec_id" />
  </query>
  <query name="uub_query" class="fields_find_component">
    <collection name="uub" /> 
    <field name="label" /> 
    <field name="type" /> 
  </query>
  <query name="tower_query" class="fields_find_component">
    <collection name="mit_tower" /> 
    <field name="name" /> 
	<field name="construction_status" />
	<field name="date_installed" query_type="date_range" />
  </query>
  <query name="bay_query" class="fields_find_component">
    <collection name="mit_bay" /> 
    <field name="number" /> 
	<field name="construction_status" />
	<field name="date_installed" query_type="date" />
  </query>
</search_config>
