<config>

    <template_module name="sw_layout_series_service"/>
  
	<type name="layout_type_1">
	    <property name="display_name" value="View scale example"/>
	    <property name="page_template" value="a4_landscape"/>
	    <property name="index_template" value="a4_landscape_index"/>
	    <property name="soc_name" value="gis"/>
	    <property name="view_scale"  
		      value="50000" editable="true"
		      values="5000,10000,20000"/>
	    <property name="ace_name" value="Physical NI User"/>
	    <property name="display_style" value="1:5000"/>
	    <property name="frame_angle" value="0"/> 
	   
	    <source class_name="sw_layout_series_service_geometry_source"/>
	</type>
	
	<type name="layout_type_1_internal">
	    <property name="display_name" value="View scale example"/>
	    <property name="page_template" value="a4_landscape"/>
	    <property name="index_template" value="a4_landscape_index"/>
	    <property name="soc_name" value="gis"/>
	    <property name="view_scale"  
		      value="5000" editable="true"
		      values="10,50,100,500,1000,5000,10000,20000"/>
	    <property name="ace_name" value="mit_floor_internal"/>
	    <property name="display_style" value="1:5000"/>
	    <property name="frame_angle" value="0"/> 
		
	    <source class_name="sw_layout_series_service_geometry_source"/>
	</type>
	
	<type name="layout_type_2">
	    <property name="display_name" value="1:10000 example"/>
	    <property name="page_template" value="a4_landscape"/>
	    <property name="index_template" value="a4_landscape_index"/>
	    <property name="soc_name" value="gis"/>
	    <property name="ace_name" value="Physical NI User"/>
	    <property name="view_scale"  value="10000"/>
	    <property name="display_style" value="1:2500"/>
	    <property name="algorithm" value="fewer"/>
	    <property name="frame_angle" value="0"/> 
	   
	    <source class_name="sw_layout_series_service_geometry_source"/>
	</type>

	<type name="layout_type_3">
	    <property name="display_name" value="Plot marginalia example"/>
	    <property name="page_template" value="a4_landscape_custom"/>
	    <property name="index_template" value="a4_landscape_index_custom"/>
	    <property name="soc_name" value="gis"/>
	    <property name="ace_name" value="Physical NI User"/>
	    <property name="view_scale"  value="1500"/>
	    <property name="area_buffer" value="1e2m"/>
	    <property name="display_style" value="1:2500"/>

	    <custom_text name="Purpose" value="Just Testing"/>
	    <custom_text name="Status" value="Work in progress"/>

	    <source class_name="sw_layout_series_service_geometry_source"/>
	</type>	 

	<type name="single_page_layout">
	    <property name="display_name" value="Single page example"/>
	    <property name="page_template" value="a4_landscape" />
	    <property name="soc_name" value="gis"/>
	    <property name="ace_name" value="Physical NI User"/>
	    <source class_name="sw_layout_series_service_geometry_source"/>
	</type>

	<type name="for_emaps">
	    <property name="display_name" value="For Emaps"/>
	    <property name="page_template" value="a4_landscape" />
	    <property name="soc_name" value="gis"/>
	    <property name="ace_name" value="Physical NI User"/>
	    <property name="view_scale"  value="1000" editable="true" values="1000,5000,10000"/>
	    <property name="display_style" value="1:2500"/>		
	    <source class_name="map_view_centre_geometry_source"/>
	</type>	
	
	<template_module name="sw_layout_series_service"/>
	   
</config>