<?xml version="1.0"?>
<!--
Configuration of Magik Service Provider for NIG.
-->
<!-- Configuration of a GeoSpatial Server service provider application -->
<!-- based on the PNI Database.                                      -->
<!-- This application contains basic settings including authorisation, -->
<!-- plus configuration for the PNI Database.                        -->
<!-- Services include Design Manager services.                         -->

<config base="gss_basic_vertx_application.gss_basic_vertx_config">
	<framework_data>

		<!-- spatial contexts for object_info spatial_context test -->
		<spatial_context name="geographic"       ace_name="Physical NI User"     universe_name="gis" />
		<spatial_context name="plotting"         ace_name="Drawing"              universe_name="drawing"/>
		<spatial_context name="mit_internals"    ace_name="mit_floor_internal"   universe_name="mit_internals"/>

		<service_providers>
			<!--web plot -->
			<provider class_name="sw_layout_series_service">
				<property name="layout_type_config_file_name" value="nig_vertx_server_application.layout_series_config"/>
			</provider>
			<!--web world info -->
			<provider class_name="world_info_service_provider">
				<property name="filters_configs" value="standard: nig_vertx_server_application.standard_internals_filters_config"/>
			</provider>
			<!-- find -->
			<provider class_name="find_service_provider">
				<property name="search_config_file_name" value="nig_vertx_server_application.find_config"/>
			</provider>
			<!-- WMS 1.3.0-->
			<provider class_name="wms_130_service_provider">
				<data>
					<default_layer_name value="Smallworld"/>					
					<crs_switch_axes values="EPSG:4326,EPSG:31466,EPSG:4258"/>			
					<crs_mapping alias="CRS:84" value="EPSG:4326"/>
					<featureinfo_formats_to_exclude values="application/json"/>
					<wgs84_bounds value="-180,-90,180,90"/>
					<capabilities_template filename="WMSCapabilities_1_3_0_template.xml"/>
				</data>	
			</provider>
		</service_providers>

		<user_conditions>
			<user_condition name="sw_network_service_no_selection"/>
			<user_condition name="sw_network_service_no_selection_on_manifold"/>
			<user_condition name="sw_network_service_invalid_predicates"/>
			<user_condition name="mit!clm!nothing_upstream"/>
		</user_conditions>
	</framework_data>

	<plugins>
		<plugin name="http" class_name="http_service_request_handler_plugin">
			<property name="port_number" value="7771"/>
			<property name="http_server" value="http_service_request_handler"/>
			<property name="load_balancer_url" value="${BIFROST_URL}"/>
			<property name="resources_root_dir" value="${EIS_RESOURCES_PATH}"/>
			<paths>
				<path string="admin" param="method">
					<service string="fileSweep" provider="file_sweep_service_provider.file_sweep"/>
				</path>
				<path string="agent" param="method">
					<service string="status" provider="agent_admin_service_provider.status"/>
					<service string="stop" provider="agent_admin_service_provider.stop"/>
				</path>
				<path string="maps" param="request">
					<!-- gss_basic_vertx_application.gss_basic_vertx_config -->
					<service string="GetFeatureInfo" provider="map_service_provider.wmts_selection"/>
					<service string="GetTile" provider="map_service_provider.render_tile"/>
					<service string="layers" provider="map_layers_service.get_layers"/>
				</path>
				<path string="gss" param="method">
					<!-- gss_basic_vertx_application.gss_basic_vertx_config -->
					<service string="describe" provider="description_service_provider.describe"/>
					<service string="listServices" provider="description_service_provider.listservices"/>
					<service string="describeService" provider="description_service_provider.describeservice"/>
					<service string="describeMethod" provider="description_service_provider.describemethod"/>
					<service string="spatialContexts" provider="object_info_service.spatial_contexts"/>
					<service string="info" provider="object_info_service.info"/>
					<service string="joinedObjects" provider="object_info_service.joined_objects"/>	
					<service string="joinedObjectInfo" provider="object_info_service.joined_object_info"/>	
					<service string="joinedObjectCounts" provider="object_info_service.joined_object_counts"/>
					<service string="taskInfo" provider="tasks_service_provider.task_info"/>
					<service string="submitGeojsonSketchTask" provider="tasks_service_provider.submit_geojson_sketch_task"/>
					<service string="getStyles" provider="redline_info_service_provider.get_styles"/>
					<service string="map" provider="map_service_provider.map"/>

					<!--other -->
					<service string="associatedDocuments" provider="object_info_service.associated_documents"/>					
					<service string="getDimensioningInfo" provider="redline_info_service_provider.get_dimensioning_info"/>
			
					<!--web plot -->
					<service string="layout_types" provider="sw_layout_series_service.get_layout_types"/>
					<service string="web_pdf_plot" provider="sw_layout_series_service.web_pdf_plot_start"/>
					
					<!--web find -->
					<service string="getFindConfiguration" provider="find_service_provider.find_configuration"/>
					<service string="find" provider="find_service_provider.find"/>

					<!--web internals -->
					<service string="internalRwos" provider="world_info_service_provider.internal_rwos"/> 
					<service string="spatialContextForObject" provider="world_info_service_provider.spatial_context_for_object"/>

					<!--web trace -->
					<service string="getTraceTypes" provider="trace_service_provider.get_trace_types"/>
					<service string="runTrace" provider="trace_service_provider.run_trace"/>
			
					<!-- PNI Services -->
					<service string="createConnectivityDiagram" provider="nig_connectivity_diagram_service.nig_connectivity_diagram_create_diagram"/>
					<service string="connectivityDiagramInfo" provider="nig_connectivity_diagram_service.nig_connectivity_diagram_info"/>
					<service string="nig_connectivity_info" provider="nig_connectivity_service.info"/>
					<service string="nig_structure_info" provider="nig_structure_content_service.info" />	
					<path string="tree" param="service">
						<service string="ejb/NigConnectivityLocal" provider="nig_connectivity_service.tree"/> 
						<service string="ejb/NigStructureContentLocal" provider="nig_structure_content_service.tree"/>
					</path>
					<service string="description" provider="nig_structure_content_service.description"/>
					<service string="traceTypes" provider="nig_trace_service_provider.trace_types"/>
					<service string="executeTrace" provider="nig_trace_service_provider.execute_trace"/>
		  
					<!-- GSS4PNI services -->
					<service string="getSheathGpsPointByLocationName" provider="gss_pni_fibre_fault_service_provider.get_sheath_gps_point_by_location_name"/>
					<service string="getSheathGpsPointByPortFid" provider="gss_pni_fibre_fault_service_provider.get_sheath_gps_point_by_port_fid"/>
					<service string="getSheathGpsPointByPortUrn" provider="gss_pni_fibre_fault_service_provider.get_sheath_gps_point_by_port_urn"/>
					<service string="getSheathKmlByLocationName" provider="gss_pni_fibre_fault_service_provider.get_sheath_kml_by_location_name"/>
					<service string="getSheathKmlByPortFid" provider="gss_pni_fibre_fault_service_provider.get_sheath_kml_by_port_fid"/>
					<service string="getSheathOgcByLocationName" provider="gss_pni_fibre_fault_service_provider.get_sheath_ogc_by_location_name"/>
					<service string="getSheathOgcByPortFid" provider="gss_pni_fibre_fault_service_provider.get_sheath_ogc_by_port_fid"/>
					<service string="getOspByAddress" provider="gss_pni_spatial_query_service_provider.get_osp_by_address"/>
					<service string="getOspByGps" provider="gss_pni_spatial_query_service_provider.get_osp_by_gps"/>
					<service string="getOspByName" provider="gss_pni_spatial_query_service_provider.get_osp_by_name"/>
					<service string="getServAreaByAddress" provider="gss_pni_spatial_query_service_provider.get_serv_area_by_address"/>
					<service string="getServAreaByGps" provider="gss_pni_spatial_query_service_provider.get_serv_area_by_gps"/>
					<service string="getServAreaByName" provider="gss_pni_spatial_query_service_provider.get_serv_area_by_name"/>
					<service string="convert" provider="gss_pni_urn_to_feature_service_provider.convert"/>
				</path>
				<path string="wms" params="version,wmtver">					
					<path string="1.3.0" param="request">
						<service string="GetMap" provider="wms_130_service_provider.get_map"/> 
						<service string="getMapAsURL" provider="wms_130_service_provider.get_map_as_url"/> 						
					</path>
				</path>
				<path string="rollforward" param="method">
					<!-- gss_basic_vertx_application.gss_basic_vertx_config -->
					<service string="map_tiles_to_invalidate" provider="rollforward_service_provider.map_tiles_to_invalidate"/>
				</path>
			</paths>
		</plugin>
		
		<plugin name="request_processor" class_name="service_provider_session_manager">
			<property name="default_projection"        value="uk_british_national_grid"/>
			<property name="default_unit"              value="mm"/>
			<property name="coordinate_system_dataset" value="gis"/>
			<property name="session_class"             value="service_provider_session"/>

			<default_db_spec type="default">
				<dataset name="gis" alternative="|Engineering Design" mode="readonly" has_rollforward_checkpoint="true"/>
				<!--<dataset name="mapbase" mode="readonly" has_rollforward_checkpoint="false"/>-->
			</default_db_spec>
		</plugin>

		<plugin name="map_cache_manager" class_name="map_cache_manager">
			<external_cache_layers>
				<external_cache_layer name="landbase" type="WMTS" profile="NIG_WMTS_900913_512" ace="Physical NI User" themes="nv-landbase" tileset="EPSG-900913"  />
				<external_cache_layer name="Network" type="WMTS" profile="NIG_WMTS_900913_512" ace="Physical NI User" themes="nv-network" tileset="EPSG-900913"  />
				<external_cache_layer name="Support" type="WMTS" profile="NIG_WMTS_900913_512" ace="Physical NI User" themes="nv-support" tileset="EPSG-900913"  />
				<external_cache_layer name="Internals" type="Detail" profile="DETAIL_256" ace="mit_floor_internal"/>
			</external_cache_layers>

		</plugin>

		<plugin name="map_options_provider" class_name="nig_map_options_plugin">
			<property name="bookmark_ace_name" value="Physical NI User"/>
			<property name="bookmark_data_name" value="bookmarks.xml"/>
			<property name="bookmarks_application_name" value="pni"/>
			<property name="bookmarks_application_resource_module" value="pni_gui"/>
			<property name="bookmarks_group_name" value=""/>
			<property name="use_rest_theme?" value="true"/>
			<property name="fail_on_invalid_layers?" value="false"/>
		</plugin>

		<!-- ***************************************************************** -->
		<!-- *** NIG specific ************************************************ -->
		<!-- ***************************************************************** -->

		<plugin name="nig_geographic_spatial_context_provider" class_name="nig_geographic_spatial_context_provider_plugin">
			<property name="served_collections" value="mdu_route, mit_bay, mit_building_structure, mit_shelf, mit_slot, mit_df, mit_card, mit_floor, mit_multi_port, mit_rme_port, mit_room, mit_structure_point, mit_internal_connection, int_balanced_port, attenuator, int_unbalanced_port, optical_connector, optical_trans, internal_hybrid, optical_receiver, optical_splitter, rf_transition_int_port, rf_transition, mit_coaxial_cable_pin"/>
		</plugin>


		<!-- Needed to allow Connectivity to get descriptions of mit_pseudo_ports -->
		<plugin name="loc_options_plugin" class_name="pni_loc_options_app_plugin">
			<properties>
				<property name="hide_physical_pair_ranges?" value="false"/>
				<property name="warn_multi_terminating?" value="true"/>
				<property name="ripple_pair_status?" value="false"/>
			</properties>
		</plugin>

		<!-- for "pni_find_info" service - copied from "PNI User" application -->
		<plugin name="find_plugin" class_name="nig_pni_find_app_plugin">
			<plugin_data>
				<!-- DATASET DEFINITIONS -->
				<dataset name="gis"/>

				<!-- COLLECTION DEFINITIONS -->
				<!-- ADDRESS: Note - unlike in PNI User application, the :address table has to be
		     explicitly listed here if it should be presented to NIG users.
		     If it was added automatically, without adding this entry like in PNI,
		     the Address queries would always be listed and couldn't be removed,
		     provided the pni_address_api.implementation was set in the server image. -->
				<collection name="address"/>
				<!-- STRUCTURE -->
				<collection name="mit_hub">
					<attribute field="name"/>
					<attribute field="type"/>
					<attribute field="construction_status"/>
				</collection>
				<collection name="mit_bay">
					<attribute field="description"/>
					<attribute field="spec_info.model"/>
					<attribute field="construction_status"/>
					<attribute field="date_installed"/>
				</collection>
				<collection name="building">
					<attribute field="name"/>
					<attribute field="type"/>
					<attribute field="construction_status"/>
				</collection>
				<collection name="mit_room">
					<attribute field="identifier"/>
					<attribute field="type"/>
				</collection>
				<collection name="mit_floor">
					<attribute field="name"/>
				</collection>
				<collection name="mit_terminal_enclosure">
					<attribute field="name"/>
					<attribute field="spec_id"/>
					<attribute field="construction_status"/>
				</collection>


				<!-- ACCESS -->
				<collection name="pole">
					<attribute field="usage"/>
				</collection>
				<collection name="lockbox">
					<attribute field="construction_status"/>
				</collection>
				<collection name="uub">
					<attribute field="label"/>
					<attribute field="type"/>
					<attribute field="construction_status"/>
					<attrribte field="spec_info.nr_of_sides"/>
				</collection>
				<collection name="aerial_route">
					<attribute field="construction_status"/>
				</collection>
				<collection name="underground_route">
					<attribute field="underground_route_type"/>
					<attribute field="name"/>
					<attribute field="construction_status"/>
				</collection>
				<collection name="copper_terminal">
					<attribute field="name"/>
					<attribute field="construction_status"/>
				</collection>
				<collection name="copper_cable">
					<attribute field="name"/>
					<attribute field="spec_info.gauge"/>
					<attribute field="spec_info.type"/>
					<attribute field="spec_info.size"/>
					<attribute field="spec_info.account_code"/>
				</collection>
				<collection name="sheath">
					<attribute field="fiber_count"/>
					<attribute field="name"/>
				</collection>
				<collection name="sheath_with_loc">
					<attribute field="fiber_count"/>
					<attribute field="name"/>
					<attribute field="measured_sheath_length"/>
				</collection>
				<collection name="copper_splice">
					<attribute field="name"/>
					<attribute field="construction_status"/>
					<attribute field="construction_type"/>
				</collection>
				<collection name="sheath_splice">
					<attribute field="name"/>
					<attribute field="construction_status"/>
				</collection>

				<!-- RME -->
				<collection name="mit_rme_port">
					<attribute field="description"/>
					<attribute field="type"/>
				</collection>
				<collection name="mit_conduit">
					<attribute field="name"/>
					<attribute field="construction_status"/>
				</collection>

				<collection name="mit_slot">
					<attribute field="description"/>
					<attribute field="construction_status"/>
				</collection>
				<collection name="mit_card">
					<attribute field="ne_name"/>
					<attribute field="spec_info.common_spec_info.manufacturer_id"/>
					<attribute field="construction_status"/>
				</collection>
				<collection name="mit_shelf">
					<attribute field="description"/>
					<attribute field="construction_status"/>
				</collection>

				<!-- OPTICAL -->
				<collection name="splice_closure">
					<attribute field="name"/>
					<attribute field="construction_status"/>
				</collection>
				<collection name="optical_node">
					<attribute field="name"/>
					<attribute field="ne_name"/>
					<attribute field="construction_status"/>
				</collection>

				<!-- BEARER -->
				<collection name="bearer">
					<attribute field="name"/>
				</collection>
			</plugin_data>
		</plugin>

		<!-- For "pni_find_info" service - copied from "find_plugin" plugin above
	     but cut down the collections for EmapsExample role, which should
	     be the role for users of eMaps client, if they are required to
	     have restricted access to the collections - those listed below. -->
		<plugin name="find_plugin_for_NIG-eMapsExample_role" class_name="nig_pni_find_app_plugin">
			<plugin_data>
				<!-- DATASET DEFINITIONS -->
				<dataset name="gis"/>

				<!-- COLLECTION DEFINITIONS -->
				<collection name="mit_hub">
					<attribute field="name"/>
					<attribute field="type"/>
					<attribute field="construction_status"/>
				</collection>
				<collection name="building">
					<attribute field="name"/>
					<attribute field="type"/>
					<attribute field="construction_status"/>
				</collection>
				<collection name="mit_terminal_enclosure">
					<attribute field="name"/>
					<attribute field="spec_id"/>
					<attribute field="construction_status"/>
				</collection>
			</plugin_data>
		</plugin>

		<plugin name="nig_loop_makeup_options_plugin" class_name="nig_loop_makeup_options_plugin">
			<preferences>
				<load_coil_rules>forward</load_coil_rules>
				<check_load_coil_placement>true</check_load_coil_placement>
				<dist_first_load_coil>1000</dist_first_load_coil>
				<dist_between_load_coils>2000</dist_between_load_coils>
				<load_coil_placement_tolerance>30</load_coil_placement_tolerance>
				<length_unit>m</length_unit>
				<calculate_loss_frequencies>
					<!-- Examples only -->
					<!--
			<frequency>50</frequency>
			<frequency>15000</frequency>
			<frequency>100000</frequency>
		    -->
				</calculate_loss_frequencies>
			</preferences>
		</plugin>
	</plugins>
</config>
