<?xml version="1.0" encoding="UTF-8" ?>
<filters_config>
  <filter world_owner_name="building" class_name="world_info_filter">
    <rwos>
      <rwo name="access_point"/>
      <rwo name="mit_bay"/>
      <rwo name="mit_conduit"/>
      <rwo name="mit_conduit_route_face"/>
      <rwo name="copper_cable"/>
      <rwo name="mit_floor"/>
      <rwo name="sheath"/>
      <rwo name="sheath_with_loc"/>
      <rwo name="coaxial_cable"/>
      <rwo name="power_cable"/>
      <rwo name="mit_terminal_enclosure"/>
    </rwos>
  </filter>
  <filter world_owner_name="mit_bay" class_name="world_info_filter">
    <rwos>
      <rwo name="mit_card"/>
      <rwo name="mit_bay"/>
      <rwo name="mit_shelf"/>
      <rwo name="mit_slot"/>
    </rwos>
  </filter>
  <filter world_owner_name="mit_card" class_name="world_info_filter">
    <rwos>
      <rwo name="mit_card"/>
      <rwo name="mit_bay"/>
      <rwo name="mit_shelf"/>
      <rwo name="mit_slot"/>
    </rwos>
  </filter>
  <filter world_owner_name="mit_terminal_enclosure" class_name="world_info_filter">
    <rwos>
      <rwo name="mit_terminal_enclosure"/>
      <rwo name="mit_bay"/>
      <rwo name="mit_conduit"/>
      <rwo name="copper_cable"/>
      <rwo name="coaxial_cable"/>
      <rwo name="power_cable"/>
      <rwo name="mit_floor"/>
      <rwo name="sheath"/>
      <rwo name="sheath_with_loc"/>
    </rwos>
  </filter>
  <filter world_owner_name="uub" class_name="world_info_filter">
    <rwos>
      <rwo name="mit_conduit"/>
      <rwo name="copper_cable"/>
      <rwo name="coaxial_cable"/>
      <rwo name="power_cable"/>
      <rwo name="sheath"/>
      <rwo name="sheath_with_loc"/>
    </rwos>
  </filter>
  <filter world_owner_name="underground_route" class_name="world_info_filter">
    <rwos>
      <rwo name="mit_conduit"/>
      <rwo name="coaxial_cable"/>
      <rwo name="copper_cable"/>
      <rwo name="power_cable"/>
      <rwo name="sheath"/>
      <rwo name="sheath_with_loc"/>
    </rwos>
  </filter>
  <filter world_owner_name="mit_hub" class_name="world_info_filter">
    <rwos>
      <rwo name="mit_conduit"/>
      <rwo name="mit_bay"/>
      <rwo name="strw_connect_point"/>
      <rwo name="sheath"/>
      <rwo name="sheath_with_loc"/>
    </rwos>
  </filter>
</filters_config>
