<?xml version="1.0" encoding="UTF-8"?>
<!-- Configuration of the PNI Smallworld Services for Mobile -->
<!-- For design extraction -->

<config base="ssm_server_framework.ssm_rabbit_config">
  <framework_data>
    <property name="post_ingest_design_state" value="As-built Updates" />
    <property name="post_ingest_adhoc_design_state" value="As-built Updates" />
    <property name="adhoc_project_type" value="Physical NI Design Job"/>
  </framework_data>
  
  <plugins>
    <plugin name="ssm_ingestion" class_name="ssm_ingestion">
      <property name="soc_name" value="gis"/>
      <property name="order_of_collections" 
      value="abs_uub,abs_mit_terminal_enclosure,abs_mit_hub,abs_underground_route,abs_mit_conduit,abs_sheath_splice,abs_sheath_with_loc_terminal,abs_sheath_with_loc,abs_mit_bay,abs_redline_point_1,abs_redline_line_1,abs_redline_line_2,abs_redline_line_3,abs_redline_note_1,abs_redline_polygon_1" />
    </plugin>
  </plugins>
</config>
