<?xml version="1.0" encoding="UTF-8"?>
<!-- Configuration of the Gas Distribution Office Smallworld Services for Mobile -->
<!-- This application includes only GSS http services and only http plugin -->
<config>
  <framework_data>
    <property name="authorisation?" value="false"/>
    <property name="auth_view_path" value=""/>
    <property name="abs_som_helper_class" value="gdo_abstracted_som_helper"/>
    
    <!-- Default Server languages -->
    <default_languages>en_gb</default_languages>
    <!-- Language name mappings, e.g. from browser client to server language name -->
    <language_name_mappings>
      <language_name_mapping from_name="da" to_name="da_dk"/>
      <language_name_mapping from_name="de" to_name="de_de"/>
      <language_name_mapping from_name="en" to_name="en_gb"/>
      <language_name_mapping from_name="es" to_name="es_es"/>
      <language_name_mapping from_name="et" to_name="et_ee"/>
      <language_name_mapping from_name="fi" to_name="fi_fi"/>
      <language_name_mapping from_name="fr" to_name="fr_fr"/>
      <language_name_mapping from_name="it" to_name="it_it"/>
      <language_name_mapping from_name="ja" to_name="jp_jp"/>
      <language_name_mapping from_name="ko" to_name="ko_kr"/>
      <language_name_mapping from_name="nl" to_name="nl_nl"/>
      <language_name_mapping from_name="no" to_name="no_no"/>
      <language_name_mapping from_name="pt" to_name="pt_pt"/>
      <language_name_mapping from_name="sv" to_name="sv_se"/>
    </language_name_mappings>
    
    <!-- spatial contexts for object_info spatial_context test -->
    <!--<spatial_context redefine="True" name="geographic" ace_name="GDO" universe_name="gis"/>-->
     <spatial_context name="gis" ace_name="GDO" universe_name="gis" />    
    <spatial_context name="drawing"   ace_name="drawing"              universe_name="drawing"/>
    <spatial_context name="geographic" ace_name="GDO" universe_name="gis"/> 
    <spatial_context name="regulator_station_site" ace_name="regulator_station_site" universe_name="internals"/>

    <service_providers/>
    
    <user_conditions/>
  </framework_data>

  <plugins>
    <plugin name="request_processor" class_name="service_provider_session_manager">
      <!-- properties for the Cambridge Database -->
      <property name="default_projection" value="world_longlat_wgs84"/>
      <property name="default_unit" value="degree"/>
      <property name="coordinate_system_dataset" value="gas_distribution"/>
      <!-- Example of a default database spec. If a database_pool is configured, then -->
      <!-- it will be initialised with these datasets. -->
      <!-- If not specified, the datasets in the SOC at top will be used. -->
      <!-- Note that the datasets in the default spec are always in readonly mode. -->
      <default_db_spec type="default">
        <!-- <dataset name="gis" alternative="|" mode="readonly" has_rollforward_checkpoint="false"/> -->
        <dataset name="gas_distribution" alternative="|DM Top" mode="readonly" has_rollforward_checkpoint="true"/>
        <dataset name="gdo_abstracted_som" alternative="|" mode="readonly" has_rollforward_checkpoint="false"/>
      </default_db_spec>
    </plugin>

    <plugin name="http" class_name="http_service_request_handler_plugin">
      <property name="port_number" value="7771"/>
      <property name="http_server" value="http_service_request_handler"/>
      <property name="ssl_certificate" value="" />
      <property name="ssl_key" value="" />
      <property name="load_balancer_url" value="${BIFROST_URL}"/>
      <property name="resources_root_dir" value="${EIS_RESOURCES_PATH}" />
	   <paths>
        <path string="agent" param="method">
			<service string="status" provider="agent_admin_service_provider.status"/>
			<service string="stop" provider="agent_admin_service_provider.stop"/>
        </path>
        <path string="maps" param="request">
			<service string="world" provider="map_service_provider.get_world"/>
			<service string="GetTile" provider="map_service_provider.render_tile"/>
			<service string="layers" provider="map_layers_service.get_layers"/>
		</path>
        <path string="records" param="method">
			<service string="get_collections" provider="ssm_get_records_service.get_collections"/>
			<service string="get_records" provider="ssm_get_records_service.get_records"/>
			<service string="get_hetero_records" provider="ssm_get_records_service.get_hetero_records"/>
			<service string="get_record_urns" provider="ssm_get_records_service.get_record_urns"/>
		</path>
        <path string="schema" param="method">
			<service string="datamodel" provider="json_schema_service_provider.datamodel_schema"/>
		</path>
        <path string="rollforward" param="method">
			<service string="map_tiles_to_invalidate" provider="rollforward_service_provider.map_tiles_to_invalidate"/>
		</path>
		<path string="admin" param="method">
			<service string="fileSweep" provider="file_sweep_service_provider.file_sweep"/>
		</path>
        <path string="gss" param="method">
			<service string="describe" provider="description_service_provider.describe"/>
			<service string="listServices" provider="description_service_provider.listservices"/>
			<service string="describeService" provider="description_service_provider.describeservice"/>
			<service string="describeMethod" provider="description_service_provider.describemethod"/>
		</path>
		<path string="style" param="method">
			<service string="datamodel" provider="json_style_service_provider.datamodel_style"/>
		</path>
      </paths>
    </plugin>

    <plugin name="database_pool" class_name="concurrent_database_pool_plugin">
      <property name="soc_name" value="gas_distribution_dm"/>
      <!-- max_concurrent_dbs should be number of processor cores, 
           bigger number and more complex database, bigger value needed to npcls,
           nslots are stored in memory max_concurrent_dbs times, consider impact on memory footprint  -->
      <property name="max_concurrent_dbs" value="4"/>
      <!-- max_dbs must be a multiple of max_concurrent_dbs, increase this or max_concurrent_dbs in 
           case services fail with no_views_available -->
      <property name="max_dbs" value="8"/>
    </plugin>

    <!-- logger plugin: Set INFO level for testing -->
    <plugin name="logger" class_name="gss_logger_plugin">
      <property name="level" value="info"/>
      <loggers>
	      <logger name="gss" class="simple_json_log" level="${GSS_LOGGING_LEVEL}" output="!output!"/>
      </loggers>
    </plugin>

    <plugin name="map_cache_manager" class_name="map_cache_manager">
      <external_cache_layers>
        <external_cache_layer name="AbsGDDocumentReference" type="WMTS" profile="NV_WMTS_3857_512" tileset="EPSG-3857" view_scales="13,14,15"  ace="GDO" themes="AbsGDDocumentReference"   />
        <external_cache_layer name="AbsGDSystem" type="WMTS" profile="NV_WMTS_3857_512" tileset="EPSG-3857" view_scales="13,14,15"  ace="GDO" themes="AbsGDSystem"   />
        <external_cache_layer name="AbsGDMain" type="WMTS" profile="NV_WMTS_3857_512" tileset="EPSG-3857" view_scales="13,14,15,16"  ace="GDO" themes="AbsGDMain"   />
        <external_cache_layer name="AbsGDValve" type="WMTS" profile="NV_WMTS_3857_512" tileset="EPSG-3857" view_scales="13,14,15" ace="GDO" themes="AbsGDValve"   />
        <external_cache_layer name="AbsGDService" type="WMTS" profile="NV_WMTS_3857_512" tileset="EPSG-3857" view_scales="13,14,15" ace="GDO" themes="AbsGDService"   />
        <external_cache_layer name="AbsGDMeter" type="WMTS" profile="NV_WMTS_3857_512" tileset="EPSG-3857" view_scales="13,14,15"  ace="GDO" themes="AbsGDMeter"   />
        <external_cache_layer name="AbsGDLeak" type="WMTS" profile="NV_WMTS_3857_512" tileset="EPSG-3857" view_scales="13,14,15" ace="GDO" themes="AbsGDLeak"   />
        <external_cache_layer name="AbsGDRegulatingStation" type="WMTS" profile="NV_WMTS_3857_512" tileset="EPSG-3857" view_scales="13,14,15"  ace="GDO" themes="AbsGDRegulatingStation"   />
        <external_cache_layer name="AbsGDRegStaSite" type="WMTS" profile="NV_WMTS_3857_512" tileset="EPSG-3857" view_scales="13,14,15"  ace="GDO" themes="AbsGDRegStaSite"   />
        <external_cache_layer name="AbsGDPipePressureTest" type="WMTS" profile="NV_WMTS_3857_512" tileset="EPSG-3857" view_scales="13,14,15" ace="GDO" themes="AbsGDRegStaSite"   />
      </external_cache_layers>
    </plugin>

    <plugin name="map_options_provider" class_name="map_options_plugin">
      <property name="bookmark_ace_name" value="GDO"/>
      <property name="bookmark_data_name" value="bookmarks.xml"/>
      <property name="bookmarks_application_name" value="sw_dm_gd_user_application"/>
      <property name="bookmarks_group_name" value=""/>
      <property name="preferences_application_name" value="sw_dm_gd_user_application"/>
      <property name="use_legacy_bookmarks?" value="true"/>
    </plugin>
    
    <plugin name="rabbit_connection" class_name="ssm_connection">
      <property name="config_definition_module_name" value="${RABBIT_CONFIG_MODULE_NAME}" />
      <property name="config_definition_file_name" value="${RABBIT_CONFIG_FILE_NAME}" />
    </plugin>

  </plugins>
</config>
