<?xml version="1.0" encoding="UTF-8"?>
<!-- Configuration of the Gas Distribution Office Smallworld Services for Mobile -->
<!-- For design extraction -->

<config base="ssm_server_framework.ssm_rabbit_config">
  <framework_data>
    <property name="adhoc_project_type" value="SSM Meta Update"/>
    <property name="post_ingest_design_state" value="As Built Changes" />
  </framework_data>
  
  <plugins>
    <plugin name="ssm_ingestion" class_name="ssm_ingestion">
      <property name="soc_name" value="gas_distribution_dm"/>
	<property name="order_of_collections"
		value="abs_gd_document_reference,abs_gd_pipe_pressure_test,abs_gd_reg_sta_site,abs_gd_system,abs_gd_meter,abs_gd_main,abs_gd_service,abs_gd_valve,abs_gd_leak,abs_gd_regulating_station,abs_redline_point_1,abs_redline_line_1,abs_redline_line_2,abs_redline_line_3,abs_redline_note_1,abs_redline_polygon_1"/>
    </plugin>
  </plugins>
</config>