<?xml version='1.0'?>
<!-- The following defines colours and objects/fields for colour by as 
follows. See the contents of this file for examples.

Colour groups are defined as <colour_map name=""> entries each of which has a colour
value that may be of the form "RRGGBB" or a name as defined by colour.called().
The colour_map name is optional and defaults to "default". 

Object/field/value/colour mappings are defined as follows:

    <field_type dataset="" name="" colour_map="">
	<object name="" field_name=""/>
    <field_type>

    Defines top level entries as shown in the application and each entry 
    is keyed on <dataset>_<name>. External strings must be defined in the 
    eo_colour_by message group using this convention. E.g :electric_eo_line_voltage

    dataset: The dataset name such as "electric"

    name: The field type name such as "eo_line_voltage" which must be enumerated or 
    which must be a field name included in the list of non_enum_fields of colour by config 
    and suitable code added to colour by config to generate the lists of values and colours 
    needed, for example the colour by circuit.

    domain: This is an optional entry, if included it must be the name of a domain of the 
    field type entered in name.  This will limit the list of available values to those of
    the domain.  Any value of the field type that is not included in the dmoain can be mapped 
    to a value in the domain using a domain_value entry.  

    colour_map: The optional name of a colour map which defaults to "default". Note
    that colours are assigned to enum values in the order given.

    This contains zero or more <object>s as defined below. If no objects
    are specified, the entire dataset is searched for objects with fields 
    of the specified type.

<object>
    One or more objects and related fields.

    name: The collection name in the dataset which must exist
    field_name: If defined it must be the correct parent field_type and be
    enumerated. If omitted the first field with that type is used.

<domain_value>
    for field type entries using a domain to restrict the list of values the dmoain_value entry 
    is used to map additional values to the domain values.  For example the eo_phase field type
    contains all values for phasing such as A, AB, BA, ABC, BAC...  The eo_phasing domain is 
    restricted to the values A, AB, ABC... The domain_value entry maps the value BA to AB, so 
    in hte colour by dialog only AB is listed but all objects with the values AB or BA will be 
    drawn in the same colour.  value must be in the domain and additional value must be in the 
    field type but not in the domain.
    
Performance: This is not intended to be used with large numbers of 
objects/enum_values. It is recommended that small numbers are used for
this otherwise rendering performance will be affected.
-->

<colour_by_attributes>
    <!-- The default colour map -->
    <colour_map name="default">
	<colour value="FF0000"/>
	<colour value="00FF00"/>
	<colour value="0000FF"/>
	<colour value="ff00ff"/>
	<colour value="ffff00"/>
	<colour value="00ffff"/>  
	<colour value="black"/>
	<colour value="blueviolet"/>
	<colour value="indianred"/>
	<colour value="008b8b"/>
	<colour value="8b008b"/>
	<colour value="8b8b00"/>
	<colour value="6e8b3d"/>
	<colour value="8deeee"/>
	<colour value="9fb6cd"/>
	<colour value="440000"/>
	<colour value="004400"/>
	<colour value="000044"/>
	<colour value="AAAAAA"/>
	<colour value="666666"/>
	<colour value="0070FF"/>
	<colour value="E9967A"/>
	<colour value="FFD700"/>
	<colour value="FF4F00"/>
	<colour value="C3B091"/>
	<colour value="ADDFAD"/>
	<colour value="674846"/>
	<colour value="F4C430"/>
	<colour value="C5B358"/>
	<colour value="A2ADD0"/>
	<colour value="9ACD32"/>
	<colour value="0014A8"/>
	<colour value="F94D00"/>
	<colour value="4682B4"/>
	<colour value="A40000"/>
	<colour value="A50B5E"/>
    </colour_map>
    <!-- A named colour map -->
    <colour_map name="status">
	<colour value="blue"/>
	<colour value="orange"/>
	<colour value="brown"/>
	<colour value="black"/>
	<colour value="green"/>
	<colour value="red"/>
	<colour value="purple"/>
	<colour value="yellow"/>
	<colour value="cyan"/>
	<colour value="hotpink"/>
    </colour_map>
    
    <!-- The next 3 colour map defintions are used by the colour by circuit -->
    <!-- Circuit colour map, this will be used by the circuit colour by and will be overwritten by colour map config -->
    <colour_map name="circuit">
	<!-- No colours are listed here as this is generated by the circuit colour by and any entries given will be overwritten 
	     by colour map config.  This is included here to reserve the name for use by the colour map config and should not be removed -->
    </colour_map>
    
    <!-- Circuit no colour defined colour map, this will be used by the circuit colour by and provides the colour for those elements which do not belong to a circuit -->
    <colour_map name="circuit_not_set">
	<!-- Only one colour value is used for the electrical conductors when no circuit is defined -->
	<colour value="gray"/>
    </colour_map>

    <!-- Circuit defaults colour map, this will be used by the circuit colour by when the circuit record does not have a colour set -->
    <colour_map name="circuit_defaults">
	<colour value="brown"/>
	<colour value="black"/>
	<colour value="green"/>
	<colour value="red"/>
	<colour value="purple"/>
	<colour value="yellow"/>
	<colour value="cyan"/>
    </colour_map>

    <field_type dataset="electric" name="eo_line_voltage" type="grouped_value" >
	<!--A connector subset with type nominal_voltage_pp using the default colour map. -->
	<object name="eo_wire_segment_inst"/>
	<object name="eo_cable_segment_inst"/>
	<object name="eo_connector_segment_inst"/>
	<!-- List of predicates to replace those generated by the enumerator -->
	<range_value name="Up to  277 V"   low_value="0 v"    high_value="277 v"/>
	<range_value name="460 V to 66 kV" low_value="460 v"    high_value="66 kv"/>
	<range_value name="Over 66 kV"     low_value="69 kv"    high_value="4000 kv"/>
	<single_value  name="No value" value="unset" />
    </field_type>

    <field_type dataset="electric" name="eo_network_type" domain="eo_lv_mv_hv_network_type">
	<object name="eo_cable_segment_inst"/>
	<object name="eo_wire_segment_inst"/>
	<object name="eo_connector_segment_inst"/>
    </field_type>

    <field_type dataset="electric" name="eo_status" domain="eo_active_status" colour_map="status">
	<object name="eo_cable_segment_inst"/>
	<object name="eo_wire_segment_inst"/>
	<object name="eo_connector_segment_inst"/>
    </field_type>

    <field_type dataset="electric" name="eo_phase" domain="eo_phasing">
	<object name="eo_cable_segment_inst"      field_name="existing_phasing" />
	<object name="eo_wire_segment_inst"       field_name="existing_phasing"/>
	<object name="eo_connector_segment_inst"  field_name="existing_phasing"/> 
   </field_type>    

    <field_type dataset="electric" name="circuit_id()" colour_map="circuit">
	<object name="eo_wire_segment_inst"       field_name="circuit_id()"/>
	<object name="eo_cable_segment_inst"      field_name="circuit_id()"/>
	<object name="eo_connector_segment_inst"  field_name="circuit_id()"/>
    </field_type>

</colour_by_attributes>
