<?xml version="1.0" encoding="UTF-8"?>
<config base="gss_basic_vertx_application.gss_basic_vertx_config">

	<framework_data>
    <!-- enable authorisation using datastore referenced by SW_AUTH_DB_DIR -->
    <property name="authorisation?" value="true"/>
		<spatial_context name="geographic" ace_name="EO_Web"
			universe_name="gis" />
		<spatial_context name="internals" ace_name="EO_Web_internals"
			universe_name="internals" />
		<spatial_context name="plotting" ace_name="drawing"
			universe_name="drawing" />

		<service_providers>
		  <!-- set true to test differences with rollforward -->
		  <provider class_name="admin_service_provider">
		    <property name="test_rollforward?" value="false"/>
		  </provider>

		  <!--web trace -->
		  <provider class_name="trace_service_provider">
		    <property name="visible_trace_types" value="eo_web_trace_upstream, eo_web_trace_downstream"/>
		  </provider>
		  
		  <!--web plot -->
		  <provider class_name="sw_layout_series_service">
		    <property name="layout_type_config_file_name" value="eo_web_vertx_server_application.layout_series_config"/>
		  </provider>
		  
		  <!--web world info -->
		  <provider class_name="world_info_service_provider">
		    <property name="filters_configs" value="standard: eo_web_vertx_server_application.standard_internals_filters_config"/>
		  </provider>
		  
		  <!-- find -->
		  <provider class_name="find_service_provider">
		    <property name="search_config_file_name" value="eo_web_vertx_server_application.find_config"/>
		  </provider>
		  
		  <!--web map location info -->
		  <provider class_name="map_location_service_provider">
		    <property name="config_file_name" value="eo_web_vertx_server_application.map_location_config" />
		  </provider>
		</service_providers>
		

		<services>
			<service name="map" provider="map_service_provider.map" />
			<service name="feature_map" provider="map_service_provider.feature_map" />
			<service name="select" provider="map_service_provider.selection" />
			<service name="box_select" provider="map_service_provider.box_selection" />
			<service name="select_objects" provider="map_service_provider.select_objects" />
			<service name="coordinate_systems"
				provider="coordinate_systems_provider.coordinate_systems" />
			<service name="transform_coordinates" provider="coordinate_systems_provider.transform" />
			<service name="default_coordinate_system"
				provider="coordinate_systems_provider.default_coordinate_system" />
			<service name="area_select" provider="map_service_provider.area_selection" />
			<service name="clear_selection" provider="map_service_provider.clear_selection" />
			<service name="goto" provider="map_service_provider.goto" />
			<service name="goto_spatial_context" provider="map_service_provider.goto_spatial_context" />
			<service name="goto_objects" provider="map_service_provider.goto_objects" />
			<service name="goto_selection" provider="map_service_provider.goto_selection" />
			<service name="goto_overlay" provider="map_service_provider.goto_overlay" />
			<service name="goto_bookmark" provider="map_service_provider.goto_bookmark" />
			<service name="goto_bounds" provider="map_service_provider.goto_bounds" />
			<service name="wms_map" provider="map_service_provider.wms_map" />
			<service name="wms_selection" provider="map_service_provider.wms_selection" />
			<service name="get_tile" provider="map_service_provider.get_tile" />
			<service name="zoom" provider="map_service_provider.zoom" />
			<service name="pan" provider="map_service_provider.pan" />
			<service name="themes" provider="map_service_provider.themes" />
			<service name="bookmarks" provider="map_service_provider.bookmarks" />
			<service name="projections" provider="map_service_provider.projections" />
			<service name="get_options" provider="map_service_provider.get_options" />

			<service name="trace_out" provider="network_trace_service.trace_out" />
			<service name="shortest_path" provider="network_trace_service.shortest_path" />
			<service name="proximity_trace" provider="network_trace_service.proximity_trace" />
			<service name="clear_trace" provider="network_trace_service.clear_trace" />
			<service name="restore_trace" provider="network_trace_service.restore_trace" />
			<service name="update_state" provider="network_trace_service.update_state" />

			<service name="joined_objects" provider="object_info_service.joined_objects" />
			<service name="joined_object_counts" provider="object_info_service.joined_object_counts" />
			<service name="joined_object_info" provider="object_info_service.joined_object_info" />
			<service name="associated_documents" provider="object_info_service.associated_documents" />

			<service name="units" provider="units_service.units" />
			<service name="convert_units" provider="units_service.convert_units" />

			<service name="filter_query" provider="query_service.filter_query" />
			<service name="urn_query" provider="query_service.urn_query" />

			<service name="list" provider="locator_service_provider.list" />
			<service name="locate" provider="locator_service_provider.locate" />
			<service name="locate_single_step" provider="locator_service_provider.locate_single_step" />

			<service name="schema" provider="application_schema_service_provider.schema" />
			<service name="view_collection"
				provider="application_schema_service_provider.view_collection" />
			<service name="manifolds" provider="application_schema_service_provider.manifolds" />
			<service name="catalogue_fields"
				provider="application_schema_service_provider.catalogue_fields" />
			<service name="catalogue_entries"
				provider="application_schema_service_provider.catalogue_entries" />
			<service name="task_list" provider="tasks_service_provider.task_list" />
			<service name="get_tasks" provider="tasks_service_provider.get_tasks" />
			<service name="save_tasks" provider="tasks_service_provider.save_tasks" />
			<service name="delete_tasks" provider="tasks_service_provider.delete_tasks" />
			<service name="send_tasks" provider="tasks_service_provider.send_tasks" />
			<service name="restore_sketch"
				provider="sketch_overlay_service_provider.restore_sketch" />
			<service name="get_dimensioning_info"
				provider="redline_info_service_provider.get_dimensioning_info" />
			<service name="get_coverage_descriptions" provider="coverage_service_provider.get_descriptions" />
			<service name="get_coverage" provider="coverage_service_provider.get_coverage" />
			<service name="summary" provider="design_service_provider.summary" />

			<!--web plot -->
			<service name="web_pdf_plot_print" provider="sw_layout_series_service.web_pdf_plot_print"/>

			<!-- map location -->
			<service name="coord_nearest_object" provider="map_location_service_provider.coord_nearest_object" />

		</services>
	</framework_data>

	<plugins>
		<plugin name="http" class_name="http_service_request_handler_plugin">
			<property name="port_number" value="7771"/>
			<property name="http_server" value="http_service_request_handler"/>
			<property name="load_balancer_url" value="${BIFROST_URL}"/>
			<property name="resources_root_dir" value="${EIS_RESOURCES_PATH}"/>
			<paths>
				<path string="agent" param="method">
					<service string="status" provider="agent_admin_service_provider.status"/>
					<service string="stop" provider="agent_admin_service_provider.stop"/>
				</path>
				<path string="maps" param="request">
					<!-- gss_basic_vertx_application.gss_basic_vertx_config -->
					<service string="GetFeatureInfo" provider="map_service_provider.wmts_selection"/>
					<service string="GetTile" provider="map_service_provider.render_tile"/>
					<service string="layers" provider="map_layers_service.get_layers"/>
				</path>
				<path string="gss" param="method">
					<!-- gss_basic_vertx_application.gss_basic_vertx_config -->
					<service string="describe" provider="description_service_provider.describe"/>
					<service string="listServices" provider="description_service_provider.listservices"/>
					<service string="describeService" provider="description_service_provider.describeservice"/>
					<service string="describeMethod" provider="description_service_provider.describemethod"/>
					<service string="spatialContexts" provider="object_info_service.spatial_contexts"/>
					<service string="info" provider="object_info_service.info"/>
					<service string="joinedObjects" provider="object_info_service.joined_objects"/>	
					<service string="joinedObjectInfo" provider="object_info_service.joined_object_info"/>	
					<service string="joinedObjectCounts" provider="object_info_service.joined_object_counts"/>
					<service string="taskInfo" provider="tasks_service_provider.task_info"/>
					<service string="submitGeojsonSketchTask" provider="tasks_service_provider.submit_geojson_sketch_task"/>
					<service string="getStyles" provider="redline_info_service_provider.get_styles"/>
					
					<!--web find -->
					<service string="getFindConfiguration" provider="find_service_provider.find_configuration"/>
					<service string="find" provider="find_service_provider.find"/>

					<!--web internals -->
					<service string="internalRwos" provider="world_info_service_provider.internal_rwos"/>
					<service string="spatialContextForObject" provider="world_info_service_provider.spatial_context_for_object"/>

					<!--web plot -->
					<service string="layout_types" provider="sw_layout_series_service.get_layout_types"/>
					<service string="web_pdf_plot" provider="sw_layout_series_service.web_pdf_plot_start"/>

					<!--web trace -->
					<service string="getTraceTypes" provider="trace_service_provider.get_trace_types"/>
					<service string="runTrace" provider="trace_service_provider.run_trace"/>

					<!-- map location -->
					<service string="getRWOmapLocation" provider="map_location_service_provider.rwo_map_location"/>
					<service string="getCoordMapLocation" provider="map_location_service_provider.coord_map_location"/>
				</path>
				<path string="rollforward" param="method">
					<!-- gss_basic_vertx_application.gss_basic_vertx_config -->
					<service string="map_tiles_to_invalidate" provider="rollforward_service_provider.map_tiles_to_invalidate"/>
				</path>
				<path string="admin" param="method">
					<service string="fileSweep" provider="file_sweep_service_provider.file_sweep"/>
				</path>
			</paths>
		</plugin>
		
		<plugin name="request_processor" class_name="service_provider_session_manager">

			<property name="default_projection" value="uk_british_national_grid" />
			<property name="default_unit" value="mm" />
			<property name="coordinate_system_dataset" value="electric" />

			<default_db_spec type="default">
				<dataset name="gis" mode="readonly" alternative="|"
					has_rollforward_checkpoint="false" />
				<dataset name="electric" mode="readonly" alternative="|DM Top"
					has_rollforward_checkpoint="true" />
				<dataset name="design_admin" mode="readonly" alternative="|"
					has_rollforward_checkpoint="false" />
				<dataset name="design_work" mode="readonly" alternative="|DM Top"
					has_rollforward_checkpoint="false" />
				<dataset name="cs_config" mode="readonly" alternative="|"
					has_rollforward_checkpoint="false" />
				<dataset name="cis" mode="readonly" alternative="|"
					has_rollforward_checkpoint="false" />
			</default_db_spec>
		</plugin>

		<plugin name="map_cache_manager" class_name="map_cache_manager">
			<colour_by 
				config_module_name = "eo_web_vertx_server_application"
				config_file_name = "colour_by_definitions.xml" />

			<external_cache_layers>
				<external_cache_layer name="Transmission network" type="WMTS" colour_by="electric_circuit_id(), electric_eo_line_voltage"
					profile="NV_WMTS_900913_512" tileset="EPSG-900913" ace="EO_Web" themes="Transmission network"   />
				<external_cache_layer name="MV network" type="WMTS" colour_by="electric_circuit_id(), electric_eo_line_voltage"
					profile="NV_WMTS_900913_512" tileset="EPSG-900913" ace="EO_Web" themes="MV network"   />
				<external_cache_layer name="LV network" type="WMTS" colour_by="electric_circuit_id(), electric_eo_line_voltage"
					profile="NV_WMTS_900913_512" tileset="EPSG-900913" ace="EO_Web" themes="LV network"   />
				<external_cache_layer name="Distribution structures" type="WMTS" colour_by=""
					profile="NV_WMTS_900913_512" tileset="EPSG-900913" ace="EO_Web" themes="Distribution structures"   />
				<external_cache_layer name="Transmission structures" type="WMTS" colour_by=""
					profile="NV_WMTS_900913_512" tileset="EPSG-900913" ace="EO_Web" themes="Transmission structures"   />
				<external_cache_layer name="Design Boundaries" type="WMTS" colour_by=""
					profile="NV_WMTS_900913_512" tileset="EPSG-900913" ace="EO_Web" themes="Design Boundaries"   />
				<external_cache_layer name="Areas" type="WMTS" colour_by=""
					profile="NV_WMTS_900913_512" tileset="EPSG-900913" ace="EO_Web" themes="Areas"   />
				<external_cache_layer name="Internals" type="Detail"
					profile="DETAIL_256" ace="EO_Web_Internals" />
				<external_cache_layer name="Ortho Schematics" type="Detail"
					profile="DETAIL_256_ortho_schematics" ace="EO Schematics"/>
				<external_cache_layer name="Geo Schematics" type="Detail"
					profile="DETAIL_256_geo_schematics" ace="EO Schematics"/>
			</external_cache_layers>

		</plugin>

		<plugin name="database_pool" class_name="concurrent_database_pool_plugin">
			<property name="soc_name" value="electric_dm,cs_config"/>
			<!-- max_concurrent_dbs should be number of processor cores, 
			     bigger number and more complex database, bigger value needed to npcls,
			     nslots are stored in memory max_concurrent_dbs times, consider impact on memory footprint  -->
			<property name="max_concurrent_dbs" value="4"/>
			<!-- max_dbs must be a multiple of max_concurrent_dbs, increase this or max_concurrent_dbs in 
			     case services fail with no_views_available -->
			<property name="max_dbs" value="4"/>
		</plugin>

		<plugin name="map_options_provider" class_name="map_options_plugin">
			<property name="bookmark_ace_name" value="EO_Web" />
			<property name="bookmark_data_name" value="bookmarks.xml" />
			<property name="bookmarks_application_name" value="dpr_demo_eo_user" />
			<property name="bookmarks_group_name" value="" />
		</plugin>

		<plugin name="eo_spatial_context_provider" class_name="eo_spatial_context_provider" />

		<plugin name="eo_ape_spatial_context_provider" class_name="eo_ape_spatial_context_provider" />

		<plugin name="schematic_spatial_context_provider" class_name="schematic_spatial_context_provider">
		  <property name="ace_name" value="EO Schematics"/>
		</plugin>

	</plugins>
</config>
