<!-- Configuration of a basic GeoSpatial Server service provider application. -->
<!-- This application contains basic settings plus the Admin services -->

<config base="gss_basic_vertx_application.gss_basic_vertx_config">

    <framework_data>        
	<!-- default application coordinate system for request processing (which must use length units)
	     if these properties are not specifed then they default to the database coordinate system -->
	<property name="application_coordinate_system_unit" value="mm"/>
	<property name="default_application_coordinate_system_name" value="uk_british_national_grid"/>
		
	<service_providers>
	</service_providers>

	<!-- Uncomment to replace user_conditions
	     <user_conditions>
	     </user_conditions>
	-->
    </framework_data>

    <plugins> 
		<plugin name="http" class_name="http_service_request_handler_plugin">
			<property name="port_number" value="7771"/>
			<property name="http_server" value="http_service_request_handler"/>
			<property name="load_balancer_url" value="${BIFROST_URL}"/>
			<property name="resources_root_dir" value="${EIS_RESOURCES_PATH}" />
			<!-- property "resources_root_dir" should be set in case multiple EIS's are running on multiple hosts. See property documentation -->
			<paths>
				<path string="agent" param="method">
					<service string="status" provider="agent_admin_service_provider.status"/>
					<service string="stop" provider="agent_admin_service_provider.stop"/>
				</path>
				<path string="gss" param="method">
					<service string="describe" provider="description_service_provider.describe"/>
					<service string="listServices" provider="description_service_provider.listservices"/>
					<service string="describeService" provider="description_service_provider.describeservice"/>
					<service string="describeMethod" provider="description_service_provider.describemethod"/>
				</path>
				<path string="gss/web/services/NetworkDataSetUpdate">
					<service string="JobStatus" provider="sw_gisa_network_data_set_update_provider.JobStatus"/>
					<service string="GetNetworkDataSetResync" provider="sw_gisa_network_data_set_update_provider.GetNetworkDataSetResync"/>
				</path>
				<path string="gss/web/services/EchoDataTypesService">
					<service string="echoInt" provider="echo_data_types_service.echoInt"/>
					<service string="echoString" provider="echo_data_types_service.echoString"/>
					<service string="echoBoolean" provider="echo_data_types_service.echoBoolean"/>
					<service string="echoCalendar" provider="echo_data_types_service.echoCalendar"/>
					<service string="echoStringArray" provider="echo_data_types_service.echoStringArray"/>
					<service string="echoDouble" provider="echo_data_types_service.echoDouble"/>
					<service string="echoCoordinate" provider="echo_data_types_service.echoCoordinate"/>
				</path>
				<path string="admin" param="method">
					<service string="fileSweep" provider="file_sweep_service_provider.file_sweep"/>
				</path>
			</paths>
		</plugin>

        <plugin name="logger" class_name="gss_logger_plugin">
	    <property name="level" value="warning"/>
            <loggers>
            	<logger name="gss" class="simple_json_log" level="${GSS_LOGGING_LEVEL}" output="!output!"/>
            </loggers>
	</plugin>

        <plugin name="request_processor" class_name="service_provider_session_manager">
	    <property name="coordinate_system_dataset" value="job_queue"/>
	    <default_db_spec type="default">
		<dataset name="cim_metadata" mode="short_transaction_capable" alternative="|"  />
		<dataset name="job_queue" mode="short_transaction_capable" alternative="|"  />
	    </default_db_spec>
	</plugin>

		<plugin name="database_pool" class_name="concurrent_database_pool_plugin">
    	    <property name="soc_name" value="cim_metadata, job_queue"/>
			<!-- max_concurrent_dbs should be number of processor cores, 
	     bigger number and more complex database, bigger value needed to npcls,
	     nslots are stored in memory max_concurrent_dbs times, consider impact on memory footprint  -->
			<property name="max_concurrent_dbs" value="4"/>
			<!-- max_dbs must be a multiple of max_concurrent_dbs, increase this or max_concurrent_dbs in 
	     case services fail with no_views_available -->
			<property name="max_dbs" value="4"/>
		</plugin>

    </plugins>

</config>
