<?xml version="1.0" encoding="UTF-8"?>
<!-- Configuration of the Electric Office Smallworld Services for Mobile -->
<!-- For design extraction -->

<config base="ssm_server_framework.ssm_rabbit_config">
  <framework_data>
    <property name="adhoc_project_type" value="SSM Meta Update"/>
  </framework_data>
  
  <plugins>
    <plugin name="ssm_ingestion" class_name="ssm_ingestion">
      <property name="soc_name" value="electric_dm"/>
      <property name="order_of_collections" 
value="abs_document_reference,abs_manhole,abs_pole,abs_substation,abs_cable_segment,abs_wire_segment,abs_connector_segment,abs_structure_route,abs_switching_equipment,abs_power_xfrmr,abs_service_point,abs_connector_point,abs_cable_annotation,abs_redline_point_1,abs_redline_line_1,abs_redline_line_2,abs_redline_line_3,abs_redline_note_1,abs_redline_polygon_1"
/>
    </plugin>
  </plugins>
</config>