<?xml version="1.0" encoding="UTF-8"?>
<!-- Configuration of the GeoSpatial Server test application on GTO DB -->
<!-- This application includes only GSS http services and only http plugin -->
<config base="gss_basic_vertx_application.gss_basic_vertx_config">
  <framework_data>    
    <!-- spatial contexts for object_info spatial_context test -->
    <spatial_context name="geographic" ace_name="GDO" universe_name="gis"/>
    <spatial_context name="test_station_internals" ace_name="test_station_internals" universe_name="internals"/>
    <spatial_context name="regulator_station_site" ace_name="regulator_station_site" universe_name="internals"/>

    <service_providers>
      <!-- web trace -->
      <provider class_name="trace_service_provider">
        <property name="visible_trace_types" value="shortest_path, trace_out"/>
      </provider>
      <!--web plot -->
      <provider class_name="sw_layout_series_service">
        <property name="layout_type_config_file_name" value="nvp_gdo_server_application.layout_series_config"/>
      </provider>
      <!--web world info -->
      <provider class_name="world_info_service_provider">
        <property name="filters_configs" value="standard: nvp_gdo_server_application.standard_internals_filters_config, plus: nvp_gdo_server_application.plus_internals_filters_config"/>
      </provider>
      <!-- find -->
      <provider class_name="find_service_provider">
        <property name="search_config_file_name" value="nvp_gdo_server_application.find_config"/>
      </provider>
    </service_providers>

    <!-- Uncomment to replace user_conditions
    <user_conditions>
    </user_conditions>
    -->
  </framework_data>

  <plugins>
 		<plugin name="http" class_name="http_service_request_handler_plugin">
			<property name="port_number" value="7771"/>
			<property name="http_server" value="http_service_request_handler"/>
			<property name="load_balancer_url" value="${BIFROST_URL}"/>
			<property name="resources_root_dir" value="${EIS_RESOURCES_PATH}" />
			<paths>
				<path string="agent" param="method">
					<service string="status" provider="agent_admin_service_provider.status"/>
					<service string="stop" provider="agent_admin_service_provider.stop"/>
				</path>
				<path string="maps" param="request">
					<service string="GetFeatureInfo" provider="map_service_provider.wmts_selection"/>
					<service string="GetTile" provider="map_service_provider.render_tile"/>
					<service string="layers" provider="map_layers_service.get_layers"/>
				</path>
				<path string="gss" param="method">
					<!-- gss_basic_vertx_application.gss_basic_vertx_config -->
					<service string="describe" provider="description_service_provider.describe"/>
					<service string="listServices" provider="description_service_provider.listservices"/>
					<service string="describeService" provider="description_service_provider.describeservice"/>
					<service string="describeMethod" provider="description_service_provider.describemethod"/>
					<service string="spatialContexts" provider="object_info_service.spatial_contexts"/>
					<service string="info" provider="object_info_service.info"/>
					<service string="joinedObjects" provider="object_info_service.joined_objects"/>	
					<service string="joinedObjectInfo" provider="object_info_service.joined_object_info"/>	
					<service string="joinedObjectCounts" provider="object_info_service.joined_object_counts"/>
					<service string="taskInfo" provider="tasks_service_provider.task_info"/>
					<service string="submitGeojsonSketchTask" provider="tasks_service_provider.submit_geojson_sketch_task"/>
					<service string="getStyles" provider="redline_info_service_provider.get_styles"/>
					<service string="map" provider="map_service_provider.map"/>
					
					<!--web find -->
					<service string="getFindConfiguration" provider="find_service_provider.find_configuration"/>
					<service string="find" provider="find_service_provider.find"/>

					<!--web internals -->
					<service string="internalRwos" provider="world_info_service_provider.internal_rwos"/>
					<service string="spatialContextForObject" provider="world_info_service_provider.spatial_context_for_object"/>

					<!--web plot -->
					<service string="layout_types" provider="sw_layout_series_service.get_layout_types"/>
					<service string="web_pdf_plot" provider="sw_layout_series_service.web_pdf_plot_start"/>

					<!--web trace -->
					<service string="getTraceTypes" provider="trace_service_provider.get_trace_types"/>
					<service string="runTrace" provider="trace_service_provider.run_trace"/>

					<!-- map location -->
					<service string="getRWOmapLocation" provider="map_location_service_provider.rwo_map_location"/>
					<service string="getCoordMapLocation" provider="map_location_service_provider.coord_map_location"/>
				</path>
				<path string="rollforward" param="method">
					<!-- gss_basic_vertx_application.gss_basic_vertx_config -->
					<service string="map_tiles_to_invalidate" provider="rollforward_service_provider.map_tiles_to_invalidate"/>
				</path>
			</paths>
		</plugin>
  
  
    <plugin name="request_processor" class_name="service_provider_session_manager">
      <!-- properties for the GDO Database -->
      <property name="default_projection" value="world_miller_wgs84"/>
      <property name="default_unit" value="cm"/>
      <property name="coordinate_system_dataset" value="gas_distribution"/>
      <!-- Example of a default database spec. If a database_pool is configured, then -->
      <!-- it will be initialised with these datasets. -->
      <!-- If not specified, the datasets in the SOC at top will be used. -->
      <!-- Note that the datasets in the default spec are always in readonly mode. -->
      <default_db_spec type="default">
        <dataset name="gas_distribution" alternative="|" mode="readonly" has_rollforward_checkpoint="false"/>
      </default_db_spec>
    </plugin>

    <plugin name="database_pool" class_name="concurrent_database_pool_plugin">
	  <property name="soc_name" value="gas_distribution"/>
	<!-- max_concurrent_dbs should be number of processor cores, 
	     bigger number and more complex database, bigger value needed to npcls,
	     nslots are stored in memory max_concurrent_dbs times, consider impact on memory footprint  -->
	  <property name="max_concurrent_dbs" value="4"/>
	<!-- max_dbs must be a multiple of max_concurrent_dbs, increase this or max_concurrent_dbs in 
	     case services fail with no_views_available -->
	   <property name="max_dbs" value="4"/>
    </plugin>
	
	
	<plugin name="map_cache_manager" class_name="map_cache_manager">
	  <external_cache_layers>
	    <external_cache_layer name="mains_layer" type="WMTS" profile="NV_WMTS_3857_512"
				      tileset="EPSG-3857" ace="GDO" themes="nv_test_theme" />
		<external_cache_layer name="test_station_internals" 
				    type="Detail" profile="Test_Station_Internals" themes="nv_test_theme"
				    ace="test_station_internals" />
		<external_cache_layer name="regulator_station_site" 
				    type="Detail" profile="Regulator_Station_Site" themes="nv_test_theme"
				    ace="regulator_station_site" />
		</external_cache_layers>

	</plugin>


	<plugin name="map_options_provider" class_name="map_options_plugin">
	    <property name="bookmark_ace_name" value="GDO"/>
	    <property name="bookmark_data_name" value="bookmarks.xml"/>
	    <property name="bookmarks_application_name" value="cs_gd_application"/>
	    <property name="bookmarks_group_name" value=""/>
	    <property name="preferences_application_name" value="cs_gd_application"/>
	    <property name="use_legacy_bookmarks?" value="true"/>
	</plugin>
  </plugins>
</config>
