{
  "ProductName": "Fault Locator",
  "LayerOrder": [
    {
      "LayerGroupName": "Smallworld",
      "Layers": [
        "Network Elements WMTS",
        "Network Support WMTS"
      ]
    }
  ],
  "Layers": {
    "Google": [
      {
        "ExternalLayerName" : "Google Streets",
        "Type" : "roadmap"
      },
      {
        "ExternalLayerName" : "Google Satellite",
        "Type" : "satellite"
      }
    ],
    "WMTS" : [
      {
        "ExternalLayerName" : "Network Elements WMTS",
        "InternalLayerName" : "Network",
        "MatrixSet" : "EPSG-900913",
        "ZoomLevels" : 21,
        "TileSize" : 512,
        "Opacity" : 0.7,
        "IsBaseLayer" : false,
        "Visible": true,
        "URL": "/maps"

      },
      {
        "ExternalLayerName" : "Network Support WMTS",
        "InternalLayerName" : "Support",
        "MatrixSet" : "EPSG-900913",
        "ZoomLevels" : 21,
        "TileSize" : 512,
        "Opacity" : 0.7,
        "IsBaseLayer" : false,
        "Visible": true,
        "URL": "/maps"
      }
    ]
  },
  "AddressSearch": "Google",
  "MapOptions": {
    "CentreLat"   : 52.217500,
    "CentreLong"  : 0.134500,
    "DefaultZoom": 17,
    "ZoomLevels": 21,
    "MaxExtent": [-20037508.3400, -20037508.3400, 20037508.3400, 20037508.3400],
    "MaxResolution": 78271.5169640,
    "MapProjectionName": "EPSG:3857",
    "MapProjectionDefinition": "+proj=merc +a=6378137 +b=6378137 +lat_ts=0.0 +lon_0=0.0 +x_0=0.0 +y_0=0 +k=1.0 +units=m +nadgrids=@null +wktext +no_defs"
  },
  "Google": {
    "googleClientID": "",
    "googleChannelID": ""
  },
  "AssetsDisplay": {
    "Equipment": true,
    "Fibre": true
  },
  "mapName" : "main_map",
  "dateFormat": "iso"  
}
