{
  "ProductName": "Fault Locator",
  "Layers": {
    "Bing" : [
      {
        "Type": "road",
        "ExternalLayerName": "Bing Roads"
      },
      {
        "Type": "ordnancesurvey",
        "ExternalLayerName": "Ordnance Survey"
      },
      {
        "Type": "aerial",
        "ExternalLayerName": "Bing Aerial"
      },
      {
        "Type": "aerialwithlabels",
        "ExternalLayerName": "Bing Aerial with Roads"
      }
    ],
    "WMTS" : [
      {
        "ExternalLayerName" : "Network Elements WMTS",
        "InternalLayerName" : "Network",
        "MatrixSet" : "EPSG-900913",
        "ZoomLevels" : 21,
        "TileSize" : 512,
        "Opacity" : 0.7,
        "IsBaseLayer" : false,
        "URL": "/maps"
      },
      {
        "ExternalLayerName" : "Network Support WMTS",
        "InternalLayerName" : "Support",
        "MatrixSet" : "EPSG-900913",
        "ZoomLevels" : 21,
        "TileSize" : 512,
        "Opacity" : 0.7,
        "IsBaseLayer" : false,
        "URL": "/maps"
      }
    ]
  },
  "AddressSearch": "Bing",
  "Bing": {
    "Key": "AqTGBsziZHIJYYxgivLBf0hVdrAk9mWO5cQcb8Yux8sW5M8c8opEC2lZqKR1ZZXf"
  },
  "MapOptions": {
    "CentreLat"   : 52.217500,
    "CentreLong"  : 0.134500,
    "DefaultZoom" : 17,
    "ZoomLevels"  : 21,
    "MaxExtent": [-20037508.3400, -20037508.3400, 20037508.3400, 20037508.3400],
    "MaxResolution": 78271.5169640,
    "MapProjectionName": "EPSG:3857",
    "MapProjectionDefinition": "+proj=merc +a=6378137 +b=6378137 +lat_ts=0.0 +lon_0=0.0 +x_0=0.0 +y_0=0 +k=1.0 +units=m +nadgrids=@null +wktext +no_defs"
  },
  "AssetsDisplay": {
    "Equipment": true,
    "Fibre": true
  }
}
