<?xml version="1.0" encoding="UTF-8"?>

<!-- Configuration for GSS4PNI services.
	There are two types of configuration objects:
	1. Serialisation classes - Magik objects transmited to GSS or
	   OSP PNI objects - structures transmited to GSS:
		<object class_name="gss_serv_area" xml_key="servArea">
			<attribute xml_key="name" method="name"/>
		</object>
		<object class_name="building" xml_key_method="building_type()">
			<attribute xml_key="name" method="name"/>
			<attribute xml_key_method="get_status_key()" method="get_status_value()"/>
		</object>
		Where:
		- "class_name" is object class identifier
		- "xml_key" is a string used directly as a XML key when object or attribute is displayed.
		- "xml_key_method" can be used optionally to override "xml_key". It defines a method name,
			which should return valid XML key string from the object.
		- "attribute" is an XML attribute displayed within the object.
			+ "xml_key" is a key for the attribute
			+ "xml_key_method" method to get proper key for attribute
				(overrides "xml_key" attribute)
			+ "method" is a method name to gather the content of the attribute
	2. Provider classes:
		<provider class_name="gss_pni_fibre_fault_service_provider">
			<const name="default_length_unit" value="m"/>
		</provider>
		Where:
		- "class_name" is object class identifier
		- "const" is an XML attribute, which defines some text "value" under "name"
-->
<gss4pni_services_config>
	
	<!-- GSS serialisation classes -->
	
	<!-- GSS generic super class object. Should NOT be touched. -->
	<object class_name="gss_object" xml_key="object" />

	<!-- GSS Service Area object -->
	<object class_name="gss_serv_area" xml_key="servArea">
		<attribute xml_key="name" method="name" />
	</object>
	
	<!-- GSS GPS point object -->
	<object class_name="gss_gps_point" xml_key="gpsPoint">
		<attribute xml_key="x" method="x" />
		<attribute xml_key="y" method="y" />
	</object>
	
	<!-- GSS OSP object -->
	<object class_name="gss_osp_object" xml_key="osp">
		<attribute xml_key="distance" method="distance"/>
		<attribute xml_key_method="osp_key" method="osp_data()"/>
	</object>
	
	
	<!-- PNI OSP objects -->
	
	<object class_name="building" xml_key="building">
		<attribute xml_key="name" method="name"/>
		<attribute xml_key="type" method="type"/>
		<attribute xml_key="construction_status" method="construction_status"/>
	</object>
	
	<object class_name="mit_hub" xml_key="hub">
		<attribute xml_key="name" method="name"/>
		<attribute xml_key="type" method="type"/>
		<attribute xml_key="construction_status" method="construction_status"/>
	</object>
	
	<!-- Example of customisation:
	     Instead of fixed XML key "uub" a type field of UUB is used.
	     - fixed xml key:    <object class_name="uub" xml_key="uub">
	     - variable xml key: <object class_name="uub" xml_key_method="gss_xml_key()">
	-->
	<object class_name="uub" xml_key_method="gss_xml_key()">
		<attribute xml_key="type" method="type"/>
		<attribute xml_key="label" method="label"/>
		<attribute xml_key="specification" method="spec_id"/>
		<attribute xml_key="construction_status" method="construction_status"/>
		<attribute xml_key="account_code" method="account_code"/>
	</object>
	
	<object class_name="mit_terminal_enclosure" xml_key="te">
		<attribute xml_key="name" method="name"/>
		<attribute xml_key="specification" method="spec_id"/>
		<attribute xml_key="construction_status" method="construction_status"/>
		<attribute xml_key="account_code" method="account_code"/>
	</object>
	
	<object class_name="splice_closure" xml_key="sc">
		<attribute xml_key="name" method="name"/>
		<attribute xml_key="specification" method="spec_id"/>
		<attribute xml_key="construction_status" method="construction_status"/>
		<attribute xml_key="map_location" method="map_location"/>
		<attribute xml_key="account_code" method="account_code"/> 
	</object>
	
	<object class_name="optical_node" xml_key="on">
		<attribute xml_key="name" method="name"/>
		<attribute xml_key="specification" method="spec_id"/>
		<attribute xml_key="construction_status" method="construction_status"/>
		<attribute xml_key="map_location" method="map_location"/>
		<attribute xml_key="fiber_count" method="fiber_count"/>
		<attribute xml_key="internal_splitter" method="internal_splitter"/>
		<attribute xml_key="ac_amperage" method="ac_amperage"/>
		<attribute xml_key="account_code" method="account_code"/>
	</object>
	
	<object class_name="sheath_splice" xml_key="ss">
		<attribute xml_key="name" method="name"/>
		<attribute xml_key="specification" method="spec_id"/>
		<attribute xml_key="construction_status" method="construction_status"/>
		<attribute xml_key="type" method="splice_type"/>
		<attribute xml_key="method" method="splice_method"/>
		<attribute xml_key="account_code" method="account_code"/> 
	</object>
	
	<object class_name="optical_splice" xml_key="os">
		<attribute xml_key="name" method="name"/>
		<attribute xml_key="specification" method="spec_id"/>
		<attribute xml_key="construction_status" method="construction_status"/>
	</object>
	
	
	<!-- Providers configuration -->
	
	<provider class_name="gss_pni_fibre_fault_service_provider">
		<const name="default_length_unit" value="m"/>
		<const name="ogc_map_width" value="800"/>
		<const name="ogc_map_height" value="600"/>
	</provider>
	
	<provider class_name="gss_pni_spatial_query_service_provider">
		<const name="osp_object_classes" value="building, mit_hub, uub, mit_terminal_enclosure, sheath_splice, splice_closure, optical_splice, optical_node"/>
		<const name="default_search_radius" value="100"/>
		<const name="default_search_unit" value="m"/>
		<const name="default_max_number" value="10"/>
	</provider>
	
</gss4pni_services_config>
