<?xml version="1.0" encoding="UTF-8"?>
<search_config>
  <query name="hotel_query" class="fields_find_component">
    <collection name="hotel"/>
    <field      name="name"/>
    <field      name="type" tooltip_id="hotel_type_find_tooltip"/>
    <field      name="address1"/>
  </query>
  <query name="pub_query" class="fields_find_component">
    <collection name="pub_rest"/>
    <field      name="name"/>
    <field      name="type"/>
    <field      name="cuisine"/>
    <field      name="comments"/>
    <field      name="min_roads" join_field_name="name"/>
  </query>
  <query name="park_query" class="fields_find_component">
    <collection name="park"/>
    <field      name="name"/>
    <field      name="class"/>
  </query>
  <query name="road_query" class="fields_find_component">
    <collection name="min_road"/>
    <field      name="name"/>
  </query>
  <query name="road_works_query" class="fields_find_component">
    <collection name="road_works"/>
    <field      name="code_name"/>
    <field      name="duration"/>
  </query>
  <query name="names" query_msg_id="names" class="fields_find_component">
    <collection name="town"/>
    <collection name="park"/>	/
    <collection name="hotel"/>
    <collection name="shop"/>
    <field      name="name"/>
  </query>
</search_config>
