<config>

  <template_module name="nvp_camdb_vertx_server_application"/>

  <type name="Map View">
    <property name="page_template" value="generic_template" />
    <property name="ace_name" value="Default"/>
  </type>

  <type name="WYSIWYG Map View">
    <property name="page_template" value="generic_template" />
    <property name="ace_name" value="Default"/>
    <property name="wysiwyg_enabled?" value="true"/>
  </type>

  <type name="Cambridge Pubs">
    <property name="page_template" value="cambridge_pubs" />
    <property name="ace_name" value="Electricity"/>
    <property name="details_template" value="pub_details"/>
    <property name="use_layout_details?" value="true" />
  </type>

  <type name="Cambridge Road Works">
    <property name="page_template" value="cambridge_road_works" />
    <property name="details_template" value="road_work_details"/>
    <property name="ace_name" value="Default"/>
  </type>

  <type name="Cambridge Substation Internals">
    <property name="page_template" value="substation_internals" />
    <property name="ace_name" value="Electricity"/>
    <property name="details_template" value="substation_details"/>
    <property name="use_layout_details?" value="true" editable="false" />
  </type>

</config>
