<?xml version="1.0" encoding="UTF-8" ?>
<solr_config>
    <!-- SOLR Lucene index extract configuration file for Cambridge Database -->
    <solr_options>

	<!-- mode, either "upload" or "file" -->
	<!-- Upload generates data and immediately sends it to the solr webserver to update the index -->
	<!-- File generates data on disk, to be uploaded by node.js -->
	<solr_mode>upload</solr_mode>

	<!-- maximum number of records in one file for file based extracting only --> 
	<solr_chunk_size>500</solr_chunk_size>
	
	<!-- number of parallel threads used for extracting the data --> 
	<solr_nthreads>5</solr_nthreads>

	<!-- The name and port that will be used to upload the index data by the Solr extractor -->
	<solr_secure>false</solr_secure>
	<solr_host_name>${SOLR_HOST_NAME}</solr_host_name>
	<solr_port>8983</solr_port>

	<!-- The username and password for SOLR -->
	<solr_username>${SW_SOLR_USER}</solr_username>
	<solr_password>${SW_SOLR_PASSWORD}</solr_password>

	<!-- The coordinate system used to store location information in Solr. Currently only WGS84 i supported for spatial scanning in solr -->
	<solr_coordinate_system>world_longlat_wgs84_degree</solr_coordinate_system>

    </solr_options>

    <!-- Add a solr_dataset entry for each dataset of which you want to extract data to the lucence index -->
    <!-- for each dataset either add a list of tables to be included or use all tables specified by the rwo_table_names protocol
	 on the database view and exclude a set of tables -->
    <solr_datasets>
	<solr_dataset name="gis">
	    
	    <rwo_tables_included>
		<!-- use default rwo_table_names -->
	    </rwo_tables_included>
	    
	    <rwo_tables_excluded>
		<!-- Exclude all dataless system objects, drawings, templates, function geometry, 
		     dxf elements, dimensioning, construction -->
		<rwo_table>drafting_*</rwo_table>
		<rwo_table>system</rwo_table>
		<rwo_table>function_*</rwo_table>
		<rwo_table>drawing_template</rwo_table>
		<rwo_table>drawing</rwo_table>
		<rwo_table>construction</rwo_table>
		<rwo_table>dimension</rwo_table>
		<rwo_table>dxf_*</rwo_table>      
		
		<!-- Add gis specific ignorable objects -->
		<rwo_table>road_annotation</rwo_table>
		<rwo_table>picture</rwo_table>
		<rwo_table>cadastral_boundary</rwo_table>
		
	    </rwo_tables_excluded>
	</solr_dataset>
	
	<solr_dataset name="electricity">
	    <rwo_tables_included>
		<!-- use default rwo_table_names -->
	    </rwo_tables_included>
	    <rwo_tables_excluded>
		<!-- Exclude all dataless system objects, drawings, templates, function geometry, 
		     dxf elements, dimensioning, construction -->
		<rwo_table>drafting_*</rwo_table>
		<rwo_table>system</rwo_table>
		<rwo_table>function_*</rwo_table>
		<rwo_table>drawing_template</rwo_table>
		<rwo_table>drawing</rwo_table>
		<rwo_table>construction</rwo_table>
		<rwo_table>dimension</rwo_table>
		<rwo_table>dxf_*</rwo_table>
		
		<!-- Add electricity specific ignorable objects -->
		<rwo_table>internal_cable</rwo_table>
		<rwo_table>substation_internals</rwo_table>
		<rwo_table>substation_internals_link</rwo_table>
		<rwo_table>busbar</rwo_table>
		
	    </rwo_tables_excluded>
	</solr_dataset>
    </solr_datasets>
</solr_config>