{
  "ProductName": "Network Inventory Gateway - Physical Browser",
  "LayerOrder": [
    {
      "LayerGroupName": "Smallworld",
      "Layers": [
        "Network Elements WMTS",
        "Network Support WMTS"
      ]
    },
    "Google Traffic"
  ],
  "Layers": {
    "Google": [
      {
        "ExternalLayerName": "Google Streets",
        "Type": "roadmap",
        "maxZoom": 22
      },
      {
        "ExternalLayerName": "Google Hybrid",
        "Type": "hybrid",
        "maxZoom": 20
      },
      {
        "ExternalLayerName": "Google Terrain",
        "Type": "terrain",
        "maxZoom": 15
      },
      {
        "ExternalLayerName": "Google Traffic",
        "OverlayType": "Traffic",
        "Type": "overlay",
        "Visible": false
      }
    ],
    "WMTS" : [
      {
        "ExternalLayerName" : "Network Elements WMTS",
        "InternalLayerName" : "Network",
        "MatrixSet" : "EPSG-900913",
        "ZoomLevels" : 21,
        "TileSize" : 512,
        "Opacity" : 0.7,
        "IsBaseLayer" : false,
        "Visible": true,
        "URL": "/maps"

      },
      {
        "ExternalLayerName" : "Network Support WMTS",
        "InternalLayerName" : "Support",
        "MatrixSet" : "EPSG-900913",
        "ZoomLevels" : 21,
        "TileSize" : 512,
        "Opacity" : 0.7,
        "IsBaseLayer" : false,
        "Visible": true,
        "URL": "/maps"
      }
    ],
    "AdditionalWorlds": [
     {
       "SpatialContextName": "back_world",
        "InternalLayerName": "Internals",
        "ProjectionName": "EPSG:3857",
        "Units": "m",
        "ZoomLevels": 21,
		"maxResolution": 16777215.9921875,
		"minResolution": 15.999,
        "TileSize": 256
     },
     {
       "SpatialContextName": "mit_internals",
        "InternalLayerName": "Internals",
        "ProjectionName": "EPSG:900913",
        "Units": "m",
        "ZoomLevels": 25,
		"maxResolution": 16777215.9921875,
		"minResolution": 15.999,
        "TileSize": 256
     },
     {
		"WorldDescription": "",
		"ZoomLevels": 21,
		"maxResolution": 16777215.9921875,
		"minResolution": 15.999,
		"TileSize": 256
     }
    ]
  },
  "AddressSearch": "Google",
  "MapOptions": {
    "CentreLat"   : 52.217500,
    "CentreLong"  : 0.134500,
    "DefaultZoom": 17,
    "ZoomLevels": 21,
    "MaxExtent": [-20037508.3400, -20037508.3400, 20037508.3400, 20037508.3400],
    "MaxResolution": 78271.5169640,
    "MapProjectionName": "EPSG:3857",
    "MapProjectionDefinition": "+proj=merc +a=6378137 +b=6378137 +lat_ts=0.0 +lon_0=0.0 +x_0=0.0 +y_0=0 +k=1.0 +units=m +nadgrids=@null +wktext +no_defs"
  },
  "StreetView":{
    "Enabled": true
  },
  "Google": {
    "googleClientID": "",
    "googleChannelID": ""
  },
  "ShowConnectivityAvailableForCollections": [
    "access_point",
    "build_out",
    "building",
    "capacitor",
    "coaxial_splice",
    "copper_slack",
    "copper_splice",
    "copper_terminal",
    "load_coil",
    "lockbox",
    "mit_bay",
    "mit_card",
    "mit_df",
    "mit_hub",
    "mit_shelf",
    "mit_terminal_enclosure",
    "optical_node",
    "pair_gain",
    "point_of_interest",
    "pole",
    "repeater",
    "sheath_splice",
    "splice_closure",
    "transducer",
    "uub"
  ],
  "SideBarControls": [
    {
      "target": "connectivity",
      "icon": "icon-connectivity",
      "span": 4
    },
    {
      "target": "find",
      "fontAwesome": true,
      "icon": "ico_search_lg",
      "span": 4
    },
    {
      "target": "object_details",
      "icon": "smallworld_cube_sm",
      "span": 4
    },
    {
      "target": "trace",
      "icon": "icon-trace",
      "span": 4
    },
    {
      "target": "sketching",
      "icon": "icon-sketch",
      "span": 3
    },
    {
      "target": "plotting",
      "icon": "icon-print",
      "span": 3
    },
    {
      "target": "download",
      "fontAwesome": true,
      "icon": "ico_download_lg",
      "span": 3
    }
  ],
    "ObjectDetails": {
    "layout": [
      {
        "name": "object_info"
      },
      {
        "name": "object_contents"
      },
      {
        "name": "spatial_contexts"
      },
      {
        "name": "internals"
      }
    ],
    "visible_spatial_contexts" :["geographic", "internal", "boundary", "back_world"],
    "return_info" : "all_joined_objects,related_documents_details"
  },
  "export": {
    "xlsx": {
      "availableTo": [
        {
          "component": "all"
        }
      ],
      "pubEvent": "exportRecordsXLSX"
    },
    "csv": {
      "availableTo": [
        {
          "component": "all"
        }
      ],
      "pubEvent": "exportRecordsCSV"
    }
  },
  "sketching": {
    "line_strokes": ["solid", "dash"],
    "area_strokes": ["solid", "empty"],
    "colours": {
      "red": "rgba(238, 51, 36, 0.75)",
      "green": "rgba(118, 185, 0, 0.75)",
      "blue": "rgba(8, 165, 225, 0.75)",
      "black": "rgba(0, 0, 0, 0.75)"
    }
  },
  "tags": {
    "objectDetails": "object_details_tag",
    "internals": "internals_tag",
    "results": "results_tag"
  },
  "settings": {
    "layout_types": [
      "layout_type_1",
      "layout_type_2",
      "layout_type_3",
      "single_page_layout",
      "for_emaps"
    ],
    "search_config": [
      "hub_query",
      "building_query",
	  "terminal_enclosure_query",
	  "uub_query",
	  "tower_query",
	  "bay_query"
    ],
    "trace_types": [
      "all"
      ]
  },
  "AttributeHandlers" : {
    "Related Document.Full File Name": "makeFileLink"
  },
  "plotting":{
    "hasViewPort":[
      "map_view_centre_geometry_source"
    ],
    "hasNotViewPort":[
      "sw_layout_series_service_geometry_source",
      "map_view_bounds_geometry_source"
    ]
  },
  "style": {
    "highlighter": {
      "strokeWidth": 10,
      "strokeColor": "rgba(255, 105, 180, 0.75)",
      "fillColor": "rgba(255, 105, 180, 0.75)",
      "pointRadius": 2.5
    }
  },
  "distanceUnits": "m",
  "internalWorldFilterAlias": "standard",
  "mapName" : "main_map",
  "assetSearchSpatialBoost": "10",
  "maxKineticTime": 600,
  "minKineticDeceleration": 0.006,
  "pixelHitRadius": 5,
  "touchPixelHitRadius": 8,
  "mapCurrentLocationEnabled": false,
  "mapCurrentLocationZoomLevel": 18,
  "dateFormat": "iso"
}
